data,Libya,mena,other,w_c_africa,e_africa
mantika_label,"","","","",""
Aljufra,15,12,2,18,4
Alkufra,13,11,0,12,27
Benghazi,11,20,29,3,22
Ejdabia,11,18,26,6,8
Tripoli,11,10,12,9,27
Misrata,10,11,2,11,1
Sebha,10,5,2,14,5
Murzuq,10,6,10,14,2
Azzawya,10,6,17,13,4
Aljfara,0,0,0,0,0
In which country were you born?,"","","","",""
Niger,13,0,0,24,0
Sudan,13,35,0,0,0
Egypt,12,34,0,0,0
Tchad,9,0,0,17,0
Ghana,9,0,0,17,0
Nigeria,9,0,0,16,0
Mali,5,0,0,9,0
Syria,4,12,0,0,0
Senegal,3,0,0,5,0
Morocco,2,7,0,0,0
Somalia,2,0,0,0,34
Eritrea,2,0,0,0,33
Other (please specify),2,3,5,1,6
Bangladesh,2,0,76,0,0
Ethiopia,2,0,0,0,25
Tunisia,2,5,0,0,0
Mauritania,1,0,0,3,0
Cameroon,1,0,0,2,0
Burkina Faso,1,0,0,2,0
Algeria,1,3,0,0,0
CôtedIvoire,1,0,0,1,0
Guinea,1,0,0,1,0
Palestine,1,2,0,0,0
Pakistan,0,0,19,0,0
Kenya,0,0,0,0,3
Libya,0,0,0,0,0
In which country was your father born?,"","","","",""
Palestine,50,67,,0,
Libya,25,0,,100,
Other (please specify),25,33,,0,
In which country was your mother born?,"","","","",""
Palestine,50,67,,0,
Nigeria,25,0,,100,
Syria,25,33,,0,
What nationality do you possess?,"","","","",""
Niger,13,0,0,24,1
Sudan,13,35,0,0,1
Egypt,12,33,0,0,2
Tchad,9,0,0,17,0
Ghana,9,0,0,17,0
Nigeria,9,0,0,16,0
Mali,5,0,0,9,0
Syria,4,12,2,0,1
Senegal,3,0,0,5,0
Morocco,2,7,0,0,0
Other (please specify),2,3,5,1,8
Somalia,2,0,0,0,31
Eritrea,2,0,0,0,31
Bangladesh,2,0,76,0,0
Ethiopia,2,0,0,0,23
Tunisia,2,5,0,0,0
Mauritania,1,0,0,3,0
Cameroon,1,0,0,2,0
Burkina Faso,1,0,0,2,0
Algeria,1,3,0,0,0
CôtedIvoire,1,0,0,2,0
Palestine,1,2,0,0,0
Guinea,1,0,0,1,0
Pakistan,0,0,17,0,0
Kenya,0,0,0,0,2
Don't know,0,0,0,0,0
Prefer not to answer,0,0,0,0,0
Togo,0,0,0,0,0
What are your primary What are your primary languages??,"","","","",""
Arabic,63,99,36,41,56
English,24,3,33,38,17
French,29,7,0,48,4
Hausa,15,0,0,27,1
Songhai/Zarma/Djerma,4,0,0,7,0
Sara/Bongo/Bagirmi,1,0,0,2,0
Bedawi/Beja,1,0,0,1,0
Nubian,2,0,0,3,0
Fur,0,0,0,0,0
Zaghawa,1,1,0,2,0
Dinka ,1,0,0,1,2
Fula/Fulani/Fulfulde,1,0,0,2,0
Tamasheq,0,0,0,0,0
Kanuri,0,0,0,1,0
Igbo/Ibo,1,0,0,2,0
Yoruba,1,0,0,2,0
Akan/Asante/Fante,1,0,0,2,0
Bambara,1,0,0,2,0
Bengali,2,0,81,0,0
Tigrinya,2,0,0,0,30
Somali,2,0,0,0,30
Other (please specify),4,0,14,3,23
When did you arrive in Libya?,"","","","",""
01/01/2019,3,3,2,2,5
01/03/2018,3,2,0,2,4
01/02/2019,2,2,7,2,6
01/06/2017,2,2,0,3,2
01/03/2019,2,3,5,2,2
01/04/2017,2,2,0,3,1
01/07/2017,2,1,0,3,4
01/05/2017,2,2,0,2,6
01/05/2018,2,2,2,2,1
01/01/2013,2,1,2,3,1
01/02/2018,2,1,2,2,1
01/05/2016,2,2,2,2,0
01/08/2018,2,2,0,2,0
01/10/2018,2,2,0,2,1
01/08/2017,2,2,0,2,3
01/06/2018,2,1,2,2,2
01/01/2018,2,1,0,2,2
01/03/2017,2,1,2,2,2
01/04/2016,2,1,5,2,4
01/10/2017,2,2,0,2,1
01/04/2018,2,2,5,1,2
01/10/2016,2,1,2,2,2
01/01/2015,1,0,0,2,0
01/09/2017,1,1,0,2,1
01/06/2016,1,1,0,2,1
01/07/2018,1,1,2,1,3
01/01/2014,1,1,0,2,0
01/02/2017,1,1,0,1,2
01/04/2019,1,1,0,1,6
01/08/2016,1,0,5,2,1
01/11/2018,1,1,0,1,1
01/05/2015,1,0,0,2,2
01/05/2019,1,1,0,1,4
01/07/2015,1,1,0,1,2
01/12/2018,1,1,0,1,2
01/03/2016,1,1,2,1,2
01/07/2016,1,1,0,2,0
01/01/2016,1,0,0,2,2
01/09/2018,1,2,0,1,0
01/09/2016,1,1,0,1,1
01/12/2017,1,1,0,1,2
01/12/2016,1,1,2,1,0
01/02/2015,1,1,0,1,1
01/02/2016,1,0,0,1,1
01/04/2015,1,0,0,1,1
01/11/2017,1,1,0,1,0
01/04/2014,1,1,5,1,0
01/07/2014,1,0,2,1,1
01/01/2017,1,0,0,1,1
01/03/2015,1,0,0,1,1
01/08/2015,1,0,2,1,2
01/11/2016,1,1,0,1,1
01/02/2014,1,0,0,1,0
01/05/2014,1,0,2,1,2
01/06/2013,1,1,2,0,0
01/06/2019,1,0,0,0,4
01/01/2005,1,1,0,0,0
01/08/2013,1,0,7,0,0
01/08/2014,1,1,2,0,1
01/09/2015,1,0,0,1,1
01/01/2008,0,1,0,0,0
01/04/2012,0,0,2,1,0
01/05/2012,0,1,5,0,0
01/10/2015,0,0,0,1,1
01/07/2012,0,0,2,1,0
01/08/2012,0,1,2,0,0
01/10/2014,0,1,0,0,1
01/12/2014,0,0,0,1,0
01/01/2009,0,0,0,0,0
01/02/2009,0,0,0,0,1
01/05/2013,0,1,0,0,0
01/09/2012,0,1,0,0,1
01/12/2013,0,0,2,0,1
01/02/2013,0,0,0,0,0
01/03/2012,0,0,0,0,0
01/03/2013,0,0,2,0,1
01/06/2012,0,0,0,0,1
01/06/2014,0,1,0,0,0
01/06/2015,0,0,0,0,0
01/07/2013,0,0,0,0,0
01/08/2007,0,1,0,0,0
01/10/2012,0,0,0,0,0
01/11/2013,0,0,0,0,0
01/11/2015,0,0,0,1,0
01/01/2001,0,0,0,0,0
01/01/2006,0,0,0,0,0
01/01/2007,0,0,0,0,0
01/03/2014,0,0,0,0,0
01/04/2013,0,0,0,0,0
01/07/2019,0,0,0,0,0
01/08/2000,0,0,0,0,1
01/08/2006,0,0,0,0,0
01/01/1999,0,0,0,0,0
01/01/2010,0,0,0,0,0
01/02/2007,0,0,0,0,0
01/06/2009,0,0,0,0,0
01/08/2008,0,0,0,0,0
01/08/2009,0,0,0,0,0
01/09/1991,0,0,0,0,0
01/09/2013,0,0,0,0,0
01/10/2013,0,0,0,0,0
01/11/2012,0,0,0,0,0
01/12/2011,0,0,0,0,0
01/12/2015,0,0,0,0,0
01/01/1989,0,0,0,0,0
01/01/1998,0,0,0,0,0
01/01/2012,0,0,0,0,0
01/02/1992,0,0,0,0,0
01/02/2012,0,0,2,0,0
01/03/1988,0,0,0,0,0
01/03/2005,0,0,0,0,0
01/05/2001,0,0,0,0,0
01/05/2010,0,0,0,0,0
01/06/1997,0,0,0,0,0
01/06/2011,0,0,0,0,0
01/07/2008,0,0,0,0,0
01/09/2009,0,0,0,0,0
01/12/2012,0,0,0,0,0
01/01/1955,0,0,0,0,0
01/01/1970,0,0,0,0,0
01/01/1981,0,0,0,0,0
01/01/1985,0,0,0,0,0
01/01/1988,0,0,0,0,0
01/01/1992,0,0,0,0,0
01/01/2000,0,0,0,0,0
01/01/2003,0,0,0,0,0
01/01/2004,0,0,0,0,0
01/01/2011,0,0,0,0,0
01/02/1989,0,0,0,0,0
01/02/1993,0,0,0,0,0
01/02/2002,0,0,0,0,0
01/02/2008,0,0,0,0,0
01/02/2010,0,0,0,0,0
01/03/1989,0,0,0,0,0
01/03/2003,0,0,0,0,0
01/03/2009,0,0,0,0,0
01/03/2010,0,0,0,0,0
01/04/1969,0,0,0,0,0
01/04/1981,0,0,0,0,0
01/04/1991,0,0,0,0,0
01/04/1994,0,0,0,0,0
01/04/1995,0,0,0,0,0
01/04/2005,0,0,0,0,0
01/04/2006,0,0,0,0,0
01/04/2008,0,0,0,0,0
01/04/2010,0,0,0,0,0
01/04/2011,0,0,0,0,0
01/05/1982,0,0,0,0,0
01/05/1988,0,0,0,0,0
01/05/1994,0,0,0,0,0
01/05/1998,0,0,0,0,0
01/05/2003,0,0,0,0,0
01/05/2005,0,0,0,0,0
01/05/2006,0,0,0,0,0
01/05/2009,0,0,2,0,0
01/06/1972,0,0,0,0,0
01/06/1989,0,0,0,0,0
01/06/1998,0,0,0,0,0
01/06/1999,0,0,0,0,0
01/06/2004,0,0,0,0,0
01/06/2005,0,0,0,0,0
01/06/2008,0,0,0,0,0
01/06/2010,0,0,0,0,0
01/07/1987,0,0,0,0,0
01/07/1989,0,0,0,0,0
01/07/1991,0,0,0,0,0
01/07/1993,0,0,0,0,0
01/07/1995,0,0,0,0,0
01/07/1998,0,0,0,0,0
01/07/2002,0,0,0,0,0
01/07/2003,0,0,0,0,0
01/07/2005,0,0,0,0,0
01/07/2006,0,0,0,0,0
01/07/2007,0,0,0,0,0
01/07/2010,0,0,0,0,0
01/07/2011,0,0,0,0,0
01/08/1982,0,0,0,0,0
01/08/1990,0,0,0,0,0
01/08/1997,0,0,0,0,0
01/08/1999,0,0,0,0,0
01/08/2002,0,0,0,0,0
01/08/2004,0,0,0,0,0
01/08/2005,0,0,0,0,0
01/08/2010,0,0,2,0,0
01/08/2011,0,0,0,0,0
01/09/1971,0,0,0,0,0
01/09/1975,0,0,0,0,0
01/09/1979,0,0,0,0,0
01/09/1980,0,0,0,0,0
01/09/1981,0,0,0,0,0
01/09/1985,0,0,0,0,0
01/09/1996,0,0,0,0,0
01/09/2002,0,0,0,0,0
01/09/2003,0,0,0,0,0
01/09/2006,0,0,0,0,0
01/09/2008,0,0,0,0,0
01/09/2010,0,0,0,0,0
01/10/1988,0,0,0,0,0
01/10/2000,0,0,0,0,0
01/10/2002,0,0,0,0,0
01/10/2007,0,0,0,0,0
01/10/2009,0,0,0,0,0
01/10/2010,0,0,0,0,0
01/10/2011,0,0,0,0,0
01/11/1990,0,0,0,0,0
01/11/2002,0,0,0,0,0
01/11/2003,0,0,0,0,0
01/11/2010,0,0,0,0,0
01/11/2011,0,0,0,0,0
01/11/2014,0,0,0,0,0
01/12/1985,0,0,0,0,0
01/12/2003,0,0,0,0,0
01/12/2005,0,0,0,0,0
01/12/2007,0,0,0,0,0
time_of_arrival,"","","","",""
over_a_year,82,81,86,84,70
within_a_year,18,19,14,16,30
When did you arrive in the current baladiya?,"","","","",""
01/02/2019,4,4,10,3,6
01/01/2019,3,2,2,4,4
01/03/2019,3,3,5,3,6
01/01/2018,3,2,0,4,1
01/04/2018,2,2,5,3,2
01/05/2017,2,2,0,3,4
01/07/2017,2,1,2,3,2
01/08/2017,2,2,0,3,6
01/04/2019,2,3,2,2,2
01/08/2018,2,2,0,3,0
01/06/2018,2,1,2,3,3
01/03/2018,2,2,0,2,1
01/12/2018,2,2,7,2,3
01/01/2017,2,2,2,3,0
01/05/2018,2,2,0,2,1
01/10/2017,2,3,2,2,2
01/09/2017,2,2,2,2,2
01/06/2017,2,1,0,2,2
01/11/2018,2,2,2,2,2
01/03/2017,2,2,2,2,0
01/04/2017,2,2,0,2,0
01/07/2018,2,1,0,2,4
01/09/2018,2,3,0,1,1
01/11/2017,2,2,0,2,0
01/04/2016,2,1,2,2,2
01/07/2016,1,1,0,2,2
01/05/2019,1,1,0,1,6
01/10/2018,1,2,0,2,0
01/02/2018,1,1,0,1,3
01/08/2016,1,1,10,1,2
01/11/2016,1,1,2,1,2
01/12/2017,1,1,0,2,1
01/06/2019,1,1,2,1,7
01/01/2016,1,0,2,2,0
01/02/2017,1,1,0,2,0
01/05/2016,1,1,2,1,2
01/08/2015,1,1,2,1,2
01/10/2016,1,1,0,1,1
01/12/2016,1,1,0,1,0
01/07/2015,1,1,0,1,0
01/09/2016,1,0,0,1,2
01/01/2015,1,0,0,1,0
01/04/2015,1,1,0,1,2
01/07/2019,1,1,0,0,5
01/03/2016,1,0,2,1,1
01/06/2016,1,1,0,1,0
01/10/2015,1,0,0,1,0
01/12/2015,1,0,0,1,0
01/05/2015,1,0,0,1,0
01/09/2015,1,1,0,1,0
01/03/2015,1,0,0,0,2
01/04/2014,1,0,0,1,0
01/11/2015,1,0,0,1,0
01/02/2016,0,0,0,1,0
01/01/2013,0,0,0,1,0
01/01/2014,0,0,0,0,0
01/05/2014,0,0,0,1,1
01/06/2013,0,0,2,0,0
01/05/2013,0,0,0,0,0
01/06/2014,0,1,0,0,0
01/08/2013,0,0,5,0,0
01/12/2014,0,0,2,0,1
01/02/2015,0,0,0,0,0
01/04/2012,0,0,0,0,0
01/05/2012,0,0,5,0,0
01/06/2015,0,0,0,0,0
01/07/2012,0,0,5,0,1
01/09/2014,0,0,0,0,1
01/10/2012,0,1,0,0,0
01/12/2013,0,0,0,0,1
01/01/2008,0,0,0,0,0
01/02/2013,0,0,0,0,0
01/02/2014,0,0,0,0,0
01/04/2013,0,0,0,0,0
01/07/2014,0,0,0,0,0
01/08/2009,0,0,0,0,0
01/08/2014,0,0,0,0,0
01/09/2013,0,0,0,0,0
01/10/2013,0,0,2,0,0
01/10/2014,0,0,0,0,0
01/12/2012,0,0,0,0,0
01/01/2001,0,0,0,0,0
01/02/2007,0,0,0,0,0
01/03/2012,0,0,0,0,0
01/03/2013,0,0,2,0,0
01/03/2014,0,0,0,0,0
01/08/2010,0,0,2,0,1
01/08/2019,0,0,0,0,0
01/01/2005,0,0,0,0,0
01/03/1988,0,0,0,0,0
01/03/2010,0,0,0,0,0
01/04/2010,0,0,0,0,0
01/05/2005,0,0,0,0,0
01/05/2007,0,0,0,0,0
01/06/2009,0,0,0,0,0
01/07/2013,0,0,0,0,0
01/08/2006,0,0,0,0,0
01/08/2008,0,0,0,0,0
01/08/2012,0,0,0,0,0
01/09/2008,0,0,0,0,0
01/09/2009,0,0,0,0,0
01/09/2012,0,0,0,0,1
01/10/2007,0,0,0,0,0
01/10/2009,0,0,0,0,0
01/11/2013,0,0,0,0,0
01/11/2014,0,0,0,0,0
01/01/1970,0,0,0,0,0
01/01/1988,0,0,0,0,0
01/01/1989,0,0,0,0,0
01/01/1990,0,0,0,0,0
01/01/1992,0,0,0,0,0
01/01/1998,0,0,0,0,0
01/01/1999,0,0,0,0,0
01/01/2003,0,0,0,0,0
01/01/2007,0,0,0,0,0
01/01/2009,0,0,0,0,0
01/01/2011,0,0,0,0,0
01/01/2012,0,0,0,0,0
01/02/1989,0,0,0,0,0
01/02/1992,0,0,0,0,0
01/02/1993,0,0,0,0,0
01/02/2005,0,0,0,0,0
01/02/2008,0,0,0,0,0
01/02/2009,0,0,0,0,1
01/02/2010,0,0,0,0,0
01/03/1989,0,0,0,0,0
01/03/2009,0,0,0,0,0
01/04/1969,0,0,0,0,0
01/04/1995,0,0,0,0,0
01/04/2002,0,0,0,0,0
01/04/2004,0,0,0,0,0
01/04/2005,0,0,0,0,0
01/04/2009,0,0,0,0,0
01/05/1982,0,0,0,0,0
01/05/1988,0,0,0,0,0
01/05/1993,0,0,0,0,0
01/05/1994,0,0,0,0,0
01/05/1998,0,0,0,0,0
01/05/2001,0,0,0,0,0
01/05/2009,0,0,0,0,0
01/06/1972,0,0,0,0,0
01/06/1989,0,0,0,0,0
01/06/1998,0,0,0,0,0
01/06/2003,0,0,0,0,0
01/06/2005,0,0,0,0,0
01/06/2008,0,0,0,0,0
01/06/2011,0,0,0,0,0
01/06/2012,0,0,0,0,0
01/07/1987,0,0,0,0,0
01/07/1989,0,0,0,0,0
01/07/1993,0,0,0,0,0
01/07/1997,0,0,0,0,0
01/07/1998,0,0,0,0,0
01/07/1999,0,0,0,0,0
01/07/2000,0,0,0,0,0
01/07/2001,0,0,0,0,0
01/07/2003,0,0,0,0,0
01/07/2005,0,0,0,0,0
01/07/2006,0,0,0,0,0
01/07/2008,0,0,0,0,0
01/07/2009,0,0,0,0,0
01/07/2011,0,0,0,0,0
01/08/1982,0,0,0,0,0
01/08/1997,0,0,0,0,0
01/08/2000,0,0,0,0,0
01/08/2001,0,0,0,0,0
01/08/2007,0,0,0,0,0
01/08/2011,0,0,0,0,0
01/09/1971,0,0,0,0,0
01/09/1975,0,0,0,0,0
01/09/1979,0,0,0,0,0
01/09/1980,0,0,0,0,0
01/09/1985,0,0,0,0,0
01/09/1991,0,0,0,0,0
01/09/1992,0,0,0,0,0
01/09/1993,0,0,0,0,0
01/09/1994,0,0,0,0,0
01/09/1996,0,0,0,0,0
01/09/2002,0,0,0,0,0
01/09/2006,0,0,0,0,0
01/09/2007,0,0,0,0,0
01/09/2010,0,0,0,0,0
01/10/1988,0,0,0,0,0
01/10/1989,0,0,0,0,0
01/10/2000,0,0,0,0,0
01/10/2006,0,0,0,0,0
01/10/2019,0,0,0,0,0
01/11/2001,0,0,0,0,0
01/11/2002,0,0,0,0,0
01/11/2008,0,0,0,0,0
01/11/2010,0,0,0,0,0
01/11/2011,0,0,0,0,0
01/11/2012,0,0,0,0,0
01/12/1985,0,0,0,0,0
01/12/2003,0,0,0,0,0
01/12/2007,0,0,0,0,0
01/12/2008,0,0,0,0,0
01/12/2009,0,0,0,0,0
01/12/2011,0,0,0,0,0
How many people live in your household (including the interviewee) in Libya?,"","","","",""
Average,2.81781140861467,2.74920127795527,2.61904761904762,2.8972972972973,2.64
How old are you?,"","","","",""
Average,33.1554132712456,35.1166134185303,36.3571428571429,32.2562162162162,28.912
"For enumerator:
What is the sex of the respondent?","","","","",""
Male,92,90,100,93,90
Female,8,10,0,7,10
Infants 0-5years: (male),"","","","",""
Average,0.0983701979045402,0.108626198083067,0.0952380952380952,0.101621621621622,0.024
Children 6-14 years: (male),"","","","",""
Average,0.136204889406286,0.150159744408946,0.0714285714285714,0.137297297297297,0.08
Youth 15-17 years: (male),"","","","",""
Average,0.0983701979045402,0.100638977635783,0.119047619047619,0.103783783783784,0.04
Adults 18-64: (male),"","","","",""
Average,1.82596041909197,1.61661341853035,1.64285714285714,1.95351351351351,1.992
Elderly 65+ years: (male),"","","","",""
Average,0.0157159487776484,0.0223642172523962,0.0238095238095238,0.012972972972973,0
nb_male,"","","","",""
Average,2.17403958090803,1.99840255591054,1.95238095238095,2.30810810810811,2.136
under18_male,"","","","",""
Average,0.332945285215367,0.359424920127796,0.285714285714286,0.342702702702703,0.144
over18_male,"","","","",""
Average,1.84109429569267,1.63897763578275,1.66666666666667,1.96540540540541,1.992
school_aged_boys,"","","","",""
Average,0.234575087310827,0.250798722044728,0.19047619047619,0.241081081081081,0.12
Infants 0-5years: (female),"","","","",""
Average,0.0849825378346915,0.105431309904153,0.0714285714285714,0.0702702702702703,0.096
Children 6-14 years: (female),"","","","",""
Average,0.10128055878929,0.137380191693291,0.0714285714285714,0.0854054054054054,0.048
Youth 15-17 years: (female),"","","","",""
Average,0.0535506402793946,0.0575079872204473,0.0952380952380952,0.0540540540540541,0.016
Adults 18-64: (female),"","","","",""
Average,0.387660069848661,0.413738019169329,0.428571428571429,0.375135135135135,0.336
Elderly 65+ years: (female),"","","","",""
Average,0.0122235157159488,0.0255591054313099,0,0.00432432432432432,0.008
nb_female,"","","","",""
Average,0.639697322467986,0.73961661341853,0.666666666666667,0.589189189189189,0.504
under18_female,"","","","",""
Average,0.239813736903376,0.300319488817891,0.238095238095238,0.20972972972973,0.16
over18_female,"","","","",""
Average,0.39988358556461,0.439297124600639,0.428571428571429,0.379459459459459,0.344
school_aged_girls,"","","","",""
Average,0.154831199068685,0.194888178913738,0.166666666666667,0.139459459459459,0.064
nb_ind_hh,"","","","",""
Average,2.81373690337602,2.73801916932907,2.61904761904762,2.8972972972973,2.64
nb_under18,"","","","",""
Average,0.572759022118743,0.659744408945687,0.523809523809524,0.552432432432432,0.304
nb_over18,"","","","",""
Average,2.24097788125728,2.07827476038339,2.0952380952381,2.34486486486486,2.336
Are you currently pregnant?,"","","","",""
No,90,93,,85,92
Yes,9,7,,11,8
Don't know,1,0,,3,0
male,"","","","",""
Average,0.174621653084983,0.0543130990415335,0.119047619047619,0.268108108108108,0.104
female,"","","","",""
Average,0.0983701979045402,0.0287539936102236,0.0476190476190476,0.154594594594595,0.048
"1. Cereals, grains, and tubers (including wheat bread, pasta, rice, couscous, potatoes, etc.)","","","","",""
Average,5.76775320139697,5.70127795527157,6.16666666666667,5.79783783783784,5.744
"2. Legumes and nuts (including beans, chickpeas, peas, nuts, etc.)","","","","",""
Average,3.44179278230501,4.30511182108626,4.23809523809524,2.83459459459459,3.344
"3. Milk and dairy products (including milk, cheese, sour cream, yoghurt, etc.)","","","","",""
Average,4.09487776484284,4.48242811501597,5.02380952380952,3.84108108108108,3.72
"4. Eggs, meat, fish (including beef, chicken, lamb, canned fish, fresh fish, etc.)","","","","",""
Average,3.37543655413271,3.8370607028754,4.19047619047619,3.00864864864865,3.504
"5. Vegetables and leaves (including onions, lettuce, tomatoes, cucumbers, red peppers, spinach, etc.)","","","","",""
Average,5.41909196740396,5.72044728434505,6.23809523809524,5.25945945945946,4.816
"6. Fruits (including bananas, apples, cherries, dates, lemons, apricots, pears, etc.)","","","","",""
Average,2.04132712456345,2.66134185303514,3.26190476190476,1.52324324324324,2.36
"7. Oil and fat (including vegetable oil, butter, margarine, lard, etc.)","","","","",""
Average,5.16181606519208,5.26198083067093,5.73809523809524,5.18594594594595,4.288
"8. Sugar and sweets (including sugar, honey, jam, cakes, cookies, sweets, sugary drinks, etc.)","","","","",""
Average,4.63504074505239,4.93290734824281,5.26190476190476,4.44756756756757,4.32
"9. Condiments and spices (including garlic, tomato paste, and small quantities of items from other food groups)","","","","",""
Average,5.07043073341094,5.27476038338658,5.64285714285714,5.05297297297297,3.984
What are the top three sources from which you typically acquire food?,"","","","",""
Own production,4,4,5,4,3
"Received as food aid through government, UN, NGOs, civil society, etc.",2,3,0,2,2
Received as gift from friends or relatives,13,14,17,10,24
Market (purchased with cash) ,96,96,100,97,87
Market (purchased on credit),14,15,7,13,17
Market (purchased with cheque),1,1,0,1,0
Work or barter for food,6,6,24,5,6
"Gathering, hunting, or fishing",1,0,0,2,0
"Borrowing food from relatives, hosts, or external parties",4,2,2,5,7
Zakat,3,1,0,5,4
Other (please specify),1,1,5,1,2
Don't know,0,0,0,0,0
Prefer not to answer,0,0,0,0,0
"1. Rely on less preferred, less expensive food?","","","","",""
Average,2.48428405122235,2.26517571884984,1.69047619047619,2.59351351351351,3.04
2. Borrow food or rely on help from friends or relatives?,"","","","",""
Average,0.546565774155995,0.338658146964856,0.404761904761905,0.618378378378378,1.104
3. Reduce the number of meals eaten per day?,"","","","",""
Average,1.4743888242142,1.0814696485623,0.19047619047619,1.6972972972973,2.224
4. Reduce the size of portions or meals?,"","","","",""
Average,1.5337601862631,1.15015974440895,0.142857142857143,1.74918918918919,2.328
5. Reduce the quantity consumed by adults so children could eat?,"","","","",""
Average,0.40454016298021,0.365814696485623,0.0238095238095238,0.401081081081081,0.752
"Have you engaged in agricultural production (crop farming, gardening, livestock production, raising animals, fishing, etc.) for income generation or food consumption during the past year?","","","","",""
No,87,90,86,85,91
"Yes, crop production",8,8,10,9,5
"Yes, livestock production",7,4,12,8,7
"Yes, fishing/fisheries",0,0,0,0,0
Other (please specify),1,1,0,1,0
Don't know,0,0,0,0,0
Prefer not to answer,0,0,0,0,0
What type of shelter do you live in?,"","","","",""
House,41,45,33,38,41
Apartment (including one-room apartments),23,29,33,20,17
Unfinished room(s),22,13,12,28,22
"Private building not usually used for shelter (basement, garage, store, warehouse, work site, etc.)",8,8,10,7,14
Connection house,3,3,12,2,2
"Public building not usually used for shelter (school, mosque, etc.)",1,2,0,1,2
Camp or informal settlement for displaced persons,1,0,0,2,1
Prefer not to answer,0,0,0,0,2
Temporary shelter provided by INGO or local NGO,0,0,0,0,0
Other (please specify),0,0,0,0,0
Outdoors (no shelter at all),0,0,0,0,1
Tent or caravan,0,0,0,0,0
Hotel,0,0,0,0,0
How many rooms are in your shelter?,"","","","",""
Average,2.15540540540541,2.27106227106227,2.51515151515152,2.09673366834171,1.88571428571429
How would you describe your occupancy status?,"","","","",""
Rental (with verbal agreement),63,57,43,69,56
Housing provided by employer,22,23,36,20,30
Rental (with written contract),5,9,19,3,1
Being hosted for free (not including by employer),4,5,0,4,6
Housing provided by public authority,2,2,2,3,2
Ownership ,1,3,0,0,0
Housing provided by smuggler,1,0,0,1,6
Squatting (without consent of owner),0,0,0,0,0
Living in the streets or public space,0,0,0,0,0
Don't know,0,0,0,0,0
Prefer not to answer,0,0,0,0,1
Other (please specify),0,0,0,0,0
How much does your rental property cost per month (in LYD)?,"","","","",""
Average,349.286995515695,375.586034912718,410.769230769231,333.082408874802,315.614035087719
Has the rent increased or decreased since the beginning of 2019?,"","","","",""
No change,74,71,69,77,73
Increased,21,24,27,19,20
Decreased,3,3,4,2,1
Don't know,2,2,0,2,6
Prefer not to answer,0,0,0,0,0
Who is hosting you for free?,"","","","",""
Libyan friend,50,42,,62,29
Migrant friend,38,45,,32,29
Family member,8,12,,0,29
Other (please specify),4,0,,6,14
What are your main shelter-related concerns?,"","","","",""
no shelter related concerns,51,63,57,44,43
There is no shelter,4,3,7,4,9
Shelters are overcrowded,17,13,17,21,14
Homes are so damaged that they are uninhabitable,5,5,7,5,6
Unexploded remnants of war and landmines,0,0,0,0,0
Building materials to repair shelters are unavailable,2,1,0,3,2
Building services/skills are unavailable,2,1,0,2,2
Lack of access to basic utilities,6,3,2,7,6
Partial access to basic utilities,8,6,10,10,4
Lack of basic household items,12,10,10,14,8
Lack of privacy,12,9,5,12,21
"Lack of gender-sensitive WASH facilities (bathing, washing, toilet, etc)",4,4,5,4,5
Insecurity or conflict,8,5,10,9,16
Other (please specify),0,0,0,1,0
Don't know,0,0,0,0,2
Prefer not to answer,0,0,0,0,3
How would you describe the overall condition of your shelter? Please refer to the reference pictures below.,"","","","",""
No damage / negligible damage,51,62,62,44,44
"Light damage (repairs needed, but shelter is livable)",37,28,24,45,29
Medium damage,10,9,14,10,21
Heavy damage (shelter is not livable without repairs),1,1,0,1,4
Destroyed (shelter needs to be reconstructed),0,0,0,0,2
Who do you live with?,"","","","",""
I live alone,10,13,5,7,14
I live with family,25,31,26,22,16
I live with Libyan friends,1,1,2,0,1
I live with migrant friends,47,36,36,54,46
I live with colleagues,14,17,29,12,10
I live with my employer,2,1,2,2,2
I live with my landlord,0,0,0,0,1
I live with other refugees/migrants that I did not previously know,9,6,5,11,17
I live with Libyans that I did not previously know,0,0,0,0,1
Other (please specify),0,0,0,0,0
Don't know,0,0,0,0,0
Prefer not to answer,0,0,0,0,0
How many people do you share your accommodation with?,"","","","",""
Average,5.04826254826255,5.22385321100917,4.75,5.15990730011587,3.34905660377358
Is your cooking space separated from the rest of your living space?,"","","","",""
Yes,57,59,88,54,55
No,43,40,12,46,43
Don't know,0,0,0,0,0
Prefer not to answer,0,0,0,0,2
What is the total area (m²) of your accommodation (excluding the cooking space and bathing/toilet facilities if they are separate)?,"","","","",""
Average,54.1928904428904,70.9600638977636,79.9523809523809,44.5995670995671,32.3064516129032
What are the biggest challenges you face in accessing shelter?,"","","","",""
Do not face any challenges ,43,51,43,38,39
Do not have the appropriate documents ,16,7,12,22,18
Do not have enough money ,24,23,19,26,21
Discrimatory treatment/Landlords do not trust me ,6,3,10,7,6
Do not have the right contacts to find a place ,4,3,2,5,7
Fear of being overcharged ,26,29,33,26,12
Lack of information about finding shelter,8,6,7,8,14
Lack of freedom of movement,8,4,12,10,13
Tensions with host community,8,7,10,9,7
"Safety and security concerns (threat, danger, etc)",8,5,17,7,19
Other (please specify),0,0,0,0,2
Don't know,0,0,0,0,1
Prefer not to answer,0,0,0,0,0
Have you experienced eviction or the threat of eviction within the past 6 months?,"","","","",""
No,90,90,88,90,82
"Yes, have been threatened with eviction",7,6,12,6,11
"Yes, have been recently evicted",3,3,0,2,5
Don't know,1,1,0,1,1
Prefer not to answer,1,0,0,1,1
Why do you think you were evicted / threatened with eviction?,"","","","",""
"Forced eviction, i.e. from armed group pressure or land-grabbing",14,7,20,17,20
Land acquisitions,2,2,0,3,0
Clearance of camp/public space by authorities,8,20,0,1,0
Discrimination based on ethnicity/tribe,10,0,20,14,15
Cannot afford rent,37,38,20,34,50
No documentation to prove legal ownership,18,15,60,19,10
Punitive or retaliatory actions,0,0,0,0,0
Authorities requested that you leave ,2,4,0,0,5
Host family no longer able to host our family,4,4,20,4,5
Request to vacate from owner of buidling/land,25,33,20,23,15
Lack of rental contract ,2,0,0,4,0
Lack of required documents,6,4,0,6,15
Other (please specify),2,2,0,3,0
Don't know,1,0,0,3,0
Prefer not to answer,0,0,0,0,0
1. Mattresses,"","","","",""
I own this but need another / more,51,48,36,54,53
I own enough of this and do not need more,42,47,57,39,35
I do not own this object,7,6,7,7,12
Don't know,0,0,0,0,0
Prefer not to answer,0,0,0,0,0
2. Blankets,"","","","",""
I own this but need another / more,44,44,43,44,46
I own enough of this and do not need more,42,48,55,39,35
I do not own this object,14,8,2,17,19
Don't know,0,0,0,0,0
Prefer not to answer,0,0,0,0,0
"3. Bedding items (sheets, pillows)","","","","",""
I own enough of this and do not need more,42,51,52,38,30
I own this but need another / more,39,40,48,38,40
I do not own this object,19,9,0,24,30
Prefer not to answer,0,0,0,0,0
Don't know,0,0,0,0,0
Other (please specify),0,0,0,0,0
4. Clothing for cold weather,"","","","",""
I own this but need another / more,43,39,19,47,39
I own enough of this and do not need more,33,45,67,25,23
I do not own this object,24,15,14,28,38
Don't know,0,0,0,0,0
Prefer not to answer,0,0,0,0,0
5. Heating systems,"","","","",""
I do not own this object,63,51,31,71,72
I own this but need another / more,20,21,33,18,22
I own enough of this and do not need more,17,28,36,10,6
Don't know,0,0,0,0,0
Other (please specify),0,0,0,0,0
6. Gas/electric stove ,"","","","",""
I own this but need another / more,45,44,43,45,45
I own enough of this and do not need more,38,46,52,34,27
I do not own this object,17,10,5,20,27
Prefer not to answer,0,0,0,0,1
Don't know,0,0,0,0,0
Other (please specify),0,0,0,0,0
7. Cooking set/items                                   ,"","","","",""
I own this but need another / more,52,47,48,56,52
I own enough of this and do not need more,38,47,50,34,26
I do not own this object,9,6,2,10,22
Don't know,0,0,0,0,0
Prefer not to answer,0,0,0,0,0
8. Mosquito nets                                                     ,"","","","",""
I do not own this object,80,71,67,87,78
I own this but need another / more,10,11,7,9,16
I own enough of this and do not need more,10,18,26,4,6
Don't know,0,0,0,0,0
Other (please specify),0,0,0,0,0
"9. Water storage containers (water tank, jerry cans, etc.)","","","","",""
I own enough of this and do not need more,35,42,60,30,26
I own this but need another / more,33,29,24,36,41
I do not own this object,31,29,17,34,33
Don't know,0,0,0,0,0
10. Solar lamp,"","","","",""
I do not own this object,77,74,67,78,82
I own this but need another / more,14,13,7,15,12
I own enough of this and do not need more,9,13,26,6,6
Don't know,0,0,0,0,0
Other (please specify),0,0,0,0,0
11. Mobile phone (smart phone),"","","","",""
I own enough of this and do not need more,41,45,57,39,32
I do not own this object,31,28,14,34,40
I own this but need another / more,27,27,29,27,28
12. Mobile phone (non-smart phone),"","","","",""
I do not own this object,56,51,60,61,50
I own enough of this and do not need more,23,26,26,22,26
I own this but need another / more,20,23,14,18,24
Don't know,0,0,0,0,0
Prefer not to answer,0,0,0,0,0
Radio,"","","","",""
I do not own this object,69,66,76,70,78
I own enough of this and do not need more,20,21,19,20,11
I own this but need another / more,11,14,5,10,11
TV,"","","","",""
I do not own this object,43,27,17,52,58
I own enough of this and do not need more,34,45,57,28,19
I own this but need another / more,23,27,26,20,23
Other (please specify),0,0,0,0,0
15. Desktop or laptop computer,"","","","",""
I do not own this object,88,82,76,92,90
I own enough of this and do not need more,7,11,19,4,4
I own this but need another / more,5,6,5,3,6
Prefer not to answer,0,0,0,0,0
Don't know,0,0,0,0,0
16. Generator,"","","","",""
I do not own this object,93,91,83,95,91
I own enough of this and do not need more,4,5,14,2,3
I own this but need another / more,3,4,2,2,6
Other (please specify),0,0,0,0,0
Don't know,0,0,0,0,0
Prefer not to answer,0,0,0,0,0
17. Construction materials and equipment,"","","","",""
I do not own this object,74,73,71,74,85
I own enough of this and do not need more,14,15,21,13,8
I own this but need another / more,12,11,7,13,7
Don't know,0,0,0,0,0
Prefer not to answer,0,0,0,0,0
18. Carpets,"","","","",""
I do not own this object,39,30,17,45,51
I own this but need another / more,34,34,33,35,37
I own enough of this and do not need more,26,37,50,20,12
Prefer not to answer,0,0,0,0,0
Have you worked in any of the following types of jobs in the past 30 days?,"","","","",""
Did not work outside the home in the past 30 days,6,5,2,5,15
Permanent job with annual/monthly/weekly wage,0.314901047729919,0.39776357827476,45,25,34
Temporary job with weekly/daily/monthly wage,25,21,31,28,28
Daily labour,42,37,31,48,33
Other (please specify),2,3,7,1,0
Don't know,0,0,0,0,0
Prefer not to answer,1,0,0,1,1
Have you worked for the following types of institutions in the past 30 days?,"","","","",""
Libyan-owned business (private sector),25,30,59,19,22
Foreign-owned business (private sector),2,3,0,1,1
"Libyan non-profit sector (Libyan NGO, civil society organization, etc.)",0,0,0,0,0
"International non-profit sector (international NGO, UN agency, etc.)",1,1,0,0,4
Own business or family business,24,21,32,27,18
Informal or irregular labour,55,46,22,61,65
Other (please specify),2,2,2,3,2
Don't know,3,4,2,3,1
Prefer not to answer,1,1,0,1,1
1. Permanent full time  with annual/monthly/weekly wage,"","","","",""
Average,0.0465686274509804,0.0245398773006135,0.166666666666667,0.0571428571428571,0.0434782608695652
2. Temporary job with weekly/daily/monthly wage,"","","","",""
Average,0.0612745098039216,0.0736196319018405,0,0.0523809523809524,0.0869565217391304
3. Daily labour,"","","","",""
Average,0.105392156862745,0.049079754601227,0,0.166666666666667,0
type_jobs_minors_calc,"","","","",""
Average,0.213235294117647,0.147239263803681,0.166666666666667,0.276190476190476,0.130434782608696
1. Farming/ agriculture work,"","","","",""
Average,0.196969696969697,0.25,2,0.127659574468085,0.5
2. Factory work/manufacturing of products,"","","","",""
Average,0.0757575757575758,0.0625,0,0.0851063829787234,0
3. Construction,"","","","",""
Average,0.318181818181818,0,0,0.425531914893617,0.5
4. Transporting goods or people,"","","","",""
Average,0.181818181818182,0.1875,0,0.170212765957447,0.5
5. Oil production,"","","","",""
Average,0.0454545454545455,0.125,0,0.0212765957446809,0
6. Mechanical work (repairing vehicles etc.),"","","","",""
Average,0.227272727272727,0.625,0,0.106382978723404,0
"7, Domestic work/cleaning","","","","",""
Average,0.212121212121212,0.0625,0,0.276595744680851,0
8. Other harsh or dangerous labour,"","","","",""
Average,0,0,0,0,0
9. other Non harsh or dangerous labour,"","","","",""
Average,0.0606060606060606,0.1875,0,0.0212765957446809,0
type_sectors_minors_calc,"","","","",""
Average,1.26086956521739,1.33333333333333,2,1.20833333333333,1.5
1. Permanent full time  with annual/monthly/weekly wage,"","","","",""
Average,0.466049382716049,0.456395348837209,1.1,0.44916820702403,0.462686567164179
2. Temporary job with weekly/daily/monthly wage,"","","","",""
Average,0.280864197530864,0.200581395348837,0.15,0.319778188539741,0.417910447761194
3. Daily labour,"","","","",""
Average,0.520576131687243,0.450581395348837,0.45,0.587800369685767,0.358208955223881
type_jobs_adults_calc,"","","","",""
Average,1.26748971193416,1.10755813953488,1.7,1.35674676524954,1.23880597014925
1. Salaried work,"","","","",""
Average,916.257110352674,1031.37647058824,1109.47368421053,815.093333333333,955
2. Casual or daily labour,"","","","",""
Average,612.84496124031,678,710.416666666667,597.070351758794,418.75
3. Income from own business or commerce,"","","","",""
Average,181.996975196612,246.163907284768,424.358974358974,145.099322799097,56.8548387096774
4. Support from family and friends in Libya,"","","","",""
Average,18.5073529411765,20.3747927031509,85.2564102564103,15.4057471264368,9.91666666666667
5. Support from family and friends in home country,"","","","",""
Average,2.67401960784314,2.40796019900498,0,3.32068965517241,0.191666666666667
6. Support/remittances from family and friends in Europe,"","","","",""
Average,4.40379901960784,0.51077943615257,0,5.17701149425287,19.7916666666667
7. Humanitarian assistance,"","","","",""
Average,8.66487775790101,8.04862236628849,0,5.87150837988827,34.758064516129
Zakat,"","","","",""
Average,6.5169946332737,5.50243111831442,7.31707317073171,6.44022346368715,11.8548387096774
9. Other (please specify),"","","","",""
Average,2.96935096153846,2.41339869281046,2,3.78603603603604,0.17741935483871
incomes_group_calc,"","","","",""
Average,1107.13686249193,1263,1409.85294117647,1004.45,999.54954954955
No income,"","","","",""
Average,4.84276729559748,5.57491289198606,0,4.49826989619377,5.26315789473684
1. Cash,"","","","",""
Average,89.6501746216531,89.4313099041534,97.0714285714286,89.8194594594595,87
2. Transferred to bank account in Libya; ,"","","","",""
Average,0.168800931315483,0.431309904153355,0,0.0216216216216216,0
3. Transferred to bank account in country of origin;  ,"","","","",""
Average,0.722933643771828,1.44888178913738,1.9047619047619,0.221621621621622,0.4
4. Cheques,"","","","",""
Average,0.317229336437718,0.407348242811502,0,0.313513513513514,0
5. Phone top-up cards,"","","","",""
Average,0.413853317811409,0.156549520766773,0.333333333333333,0.60972972972973,0.28
6. Prepaid card or gift card,"","","","",""
Average,0.263678696158324,0.535143769968051,0.119047619047619,0.122162162162162,0
"7. Other in-kind (e.g., food)","","","","",""
Average,1.81431897555297,2.01437699680511,0.571428571428571,1.5372972972973,3.28
8. Other (please specify),"","","","",""
Average,0.286961583236321,0.255591054313099,0,0.327567567567568,0.24
income_modality_group_calc,"","","","",""
Average,98.5884749708964,100.774760383387,100,97.3945945945946,96
Did you face any challenges obtaining enough money to meet your needs over the last 30 days?,"","","","",""
No,56,59,76,54,53
Yes,42,40,24,44,46
Don't know,1,1,0,1,0
Prefer not to answer,0,0,0,0,2
What were the main challenges to obtaining enough money to meet your  needs in the last 30 days?,"","","","",""
Lack of work opportunity,55,55,60,55,53
Salary or wages too low,37,39,20,35,51
Salary or wages not regularly paid,47,49,70,49,28
Unable to withdraw enough money from bank account,1,2,0,1,0
No currently functioning banks/financial institutions in my area,2,0,0,2,5
Other (please specify),2,2,0,1,5
Don't know,0,0,0,0,0
Prefer not to answer,0,1,0,0,0
"When buying items for domestic consumption in Libya, do you buy for your household, share a budget with other people or buy only for yourself?","","","","",""
I share nearly all expenses with other people (not family members or dependents),37,30,31,42,38
I buy for my household (family members or dependents),27,33,31,24,21
I buy only for myself,18,19,19,16,24
I share only certain types of expenses with other people (not family members or dependents),16,15,19,17,12
Other (please specify),1,1,0,0,5
Prefer not to answer,1,1,0,1,1
Don't know,0,0,0,0,0
1. Food items,"","","","",""
Average,266.040745052387,315.105431309904,377.5,230.105945945946,248.792
2. Rent,"","","","",""
Average,178.270642201835,221.179271708683,278.913043478261,151.594720496894,171.393939393939
3. Shelter maintenance,"","","","",""
Average,9.14784633294529,9.96006389776358,17.8571428571429,8.55783783783784,6.52
4. Water (from all sources combined),"","","","",""
Average,20.5081490104773,17.038338658147,33.3333333333333,22.84,16.32
"5. Non-food household items (hygiene items, blankets, lightbulbs, etc.)","","","","",""
Average,32.7235157159488,37.6549520766773,41.6666666666667,30.1059459459459,24.392
6. Utilities (electricity and gas connections),"","","","",""
Average,7.00989522700815,6.31150159744409,11.6666666666667,7.58054054054054,4.72
"7. Fuel (for cooking, for vehicles, etc.)","","","","",""
Average,24.1944121071013,20.1597444089457,44.0714285714286,26.2313513513513,22.648
"8. Health-related expenditures (healthcare, medicine, etc.)","","","","",""
Average,31.0145518044237,37.3961661341853,39.7619047619048,28.0864864864865,17.784
"9. Education-related expenditures (school fees, supplies, uniforms, etc.)","","","","",""
Average,98.9240196078431,172.226993865031,30,54.3333333333333,22.5217391304348
10. Transportation ,"","","","",""
Average,49.3015133876601,46.1980830670927,68.6904761904762,48.2378378378378,66.2
11. Mobile phone credit,"","","","",""
Average,54.6024447031432,51.2316293929712,67.0238095238095,57.5848648648649,45.24
"12. Productive assets (items used to help generate income, such as sewing machines, tools, etc.)","","","","",""
Average,25.0681024447031,18.1869009584665,43.3333333333333,26.2378378378378,44.736
13. Debt repayment,"","","","",""
Average,47.4813736903376,93.6341853035144,4.76190476190476,23.2281081081081,10.176
14. All other expenditures (specify),"","","","",""
Average,4.88170163170163,2.4352,3.80952380952381,7.01839826839827,1.68
what is your total amount of debt (in LYD)?,"","","","",""
Average,1776.29045643154,3280.07865168539,1100,890.659259259259,914.666666666667
What was the primary reason for taking on debt?,"","","","",""
Accessing food,35,31,50,36,47
Paying for other basic needs,21,21,0,20,27
Paying for rent,10,11,0,10,7
Purchasing productive assets (for small business or income-generating activities),9,6,50,11,7
Paying for healthcare,7,7,0,9,0
Paying smuggler or connection house operator,6,7,0,5,7
Paying for release from captivity,3,3,0,2,7
"Purchasing non-productive assets (e.g. TV, household appliances, furniture, gold, etc.)",2,2,0,3,0
Other (please specify),2,4,0,0,0
Paying for shelter maintenance,2,2,0,1,0
Prefer not to answer,1,1,0,1,0
Paying for education,1,3,0,0,0
What percentage of your income would you estimate you send to family in your country of origin per month?,"","","","",""
Average,28.3576594345825,29.342512908778,35.9761904761905,28.9175126903553,16.2363636363636
what percentage of your income would you estimate you save in Libya (do not spend/send) per month?,"","","","",""
Average,18.7720105124836,21.1549053356282,20.7380952380952,15.0761421319797,31.7927927927928
What was the payment modality most commonly used by your household in the past 30 days?,"","","","",""
Cash (LYD),98,98,100,99,94
Cash (foreign/non-LYD),1,1,0,0,2
Prefer not to answer,0,0,0,0,2
Bank transfers,0,0,0,0,0
Don't know,0,0,0,0,1
Other (please specify),0,0,0,0,2
Prepaid or gift card,0,0,0,0,0
Cheques ,0,0,0,0,0
Do you have access to a marketplace or grocery store where you can find fresh produce in your mahalla or close to your mahalla?,"","","","",""
Yes,85,85,81,87,68
No,15,15,19,13,30
Prefer not to answer,0,0,0,0,2
Don't know,0,0,0,0,1
What means of transport do you usually use to travel to the nearest marketplace or grocery store where you can find fresh produce?,"","","","",""
Walking,75,74,79,75,80
Car,13,19,15,9,8
Bicycle,6,3,6,9,5
Driven there by somebody I know,3,1,0,4,7
Public transport,2,2,0,2,0
Other (please specify),0,0,0,0,0
For how long do you have to travel using this means of transport to get to the nearest marketplace or grocery store where you can find fresh produce?,"","","","",""
Less than 15 minutes,67,76,68,61,69
15-29 minutes,22,16,24,26,24
30-59 minutes,9,6,9,11,5
1-2 hours,2,2,0,3,2
More than 2 hours,0,0,0,0,0
"In the last 30 days, did you face any barriers to consistently accessing marketplaces?","","","","",""
No barriers faced when accessing marketplace,76,85,81,72,65
Live too far from marketplace / no means of transport,7,6,7,8,10
Transportation too expensive,12,10,12,14,10
Damage to marketplace,0,0,0,1,0
Damage to roads leading to marketplace,0,0,0,1,0
Insecurity travelling to and from marketplace,7,4,7,9,13
Curfew prevented access to market,0,0,0,0,1
Marketplace never open at a time when we can visit,1,0,0,2,2
Presence of explosive hazards,0,0,0,0,0
Discriminatory practices from market vendors,3,0,5,5,6
lack of documents to travel,3,1,0,4,9
language barriers,4,0,0,6,6
Other (please specify),0,0,0,0,1
Don't know,0,0,0,0,2
Prefer not to answer,0,0,0,0,2
"In the last 30 days, did you face any barriers to regularly purchasing specific items on the market?","","","","",""
"No, no barrier faced when purchasing market items",35,41,40,32,25
"Yes, some items are too expensive",60,56,60,63,66
"Yes, some items are not available",14,10,17,17,11
"Yes, we have no means of payment (e.g., not enough hard cash, vendors do not accept prepaid cards)",5,5,2,5,12
"Yes, discriminatory practices from market vendors",4,1,2,6,6
Other (please specify),0,0,0,0,0
Don't know,0,0,0,0,1
Prefer not to answer,0,0,0,0,5
"Which items were too expensive to afford? (select category first, then list specific items)","","","","",""
Food items: fresh vegetables/fruits,59,53,40,63,61
Food items: fresh fish/meat/eggs,90,89,84,90,89
Food items: other,34,32,32,35,35
NFIs: Hygiene items for women,9,9,4,9,15
NFIs: Hygiene items for men,29,25,8,33,22
NFIs: Household items,23,23,16,23,21
NFIs: Fuel,21,17,8,24,17
Water,1,1,4,1,2
Medicine or health-related items,20,21,28,20,20
Other (please specify),1,0,12,1,0
Which items were not consistently available?,"","","","",""
Food items: fresh vegetables/fruits,16,16,57,14,21
Food items: fresh fish/meat/eggs,30,21,71,29,50
Food items: other,54,53,0,57,50
NFIs: Hygiene items for women,3,0,0,4,7
NFIs: Hygiene items for men,16,11,0,19,14
NFIs: Household items,5,2,0,6,14
NFIs: Fuel,66,68,0,69,57
Water,0,2,0,0,0
Medicine or health-related items,32,21,43,36,29
Other (please specify),1,0,0,2,0
What types of financial service providers do you have access to in or around your mahalla?,"","","","",""
Banks,3,6,12,2,0
Hawala,29,24,26,35,7
Financial services provided by local businesses (e.g. petrol stations),3,4,10,3,1
Financial services provided by members of the Libyan community,29,37,45,24,25
Financial services provided by other refugees or migrants,19,18,26,19,20
Financial services provided by an employer,41,41,40,41,48
Financial services provided by a smuggler,5,1,7,7,10
Other (please specify),1,0,2,0,2
Don't know,6,6,2,5,16
Prefer not to answer,1,0,0,1,2
"If you save part of your income, how do you store your salary/money?","","","","",""
In a safe place at home,52,59,50,47,53
Transfer back to home country,22,24,31,20,27
Carry it on me,23,21,28,24,23
Put it in a bank account,2,3,9,0,0
Give it to my employer,23,18,34,25,40
Give it to my smuggler,3,0,3,5,6
Ask refugee and migrant friends to store it,6,4,9,8,7
Ask Libyan friends to store it,10,8,9,11,10
Other (please specify),0,0,0,0,0
Don't know,0,0,0,0,0
Prefer not to answer,5,7,0,5,4
"If you transfer some of your money back to your home country (send remittances), how do you send it home?","","","","",""
Official money transfer agency,10,16,30,3,18
Unofficial money transfer agency,70,71,58,69,86
Hawala system,13,11,21,15,2
Through a person I know who travels regularly back home,17,11,0,23,12
Through bank account,0,0,0,0,0
Other (please specify),0,1,0,0,0
Don't know,0,0,0,1,0
Prefer not to answer,1,0,0,2,4
"If you transfer some of your money back to your home country (send remittances), what percent extra do you have to pay to transfer each unit of currency?","","","","",""
Average,9.71413390010627,6.61218836565097,6.18181818181818,12.1774193548387,10
"1. Sold non-productive household assets or goods (TV, household appliance, furniture, gold, etc.)","","","","",""
"No, had no need to use this coping strategy",55,60,62,51,50
Not applicable/This coping strategy is not available to me,35,35,33,36,39
Yes,9,5,5,12,10
"No, have already exhausted this coping strategy and cannot use it again",1,1,0,2,2
"2. Sold productive household assets or means of transport (sewing machine, wheelbarrow, car, etc.)","","","","",""
"No, had no need to use this coping strategy",49,56,62,46,37
Not applicable/This coping strategy is not available to me,45,41,33,47,55
Yes,5,3,5,6,6
"No, have already exhausted this coping strategy and cannot use it again",1,0,0,1,2
3. Spent savings,"","","","",""
"No, had no need to use this coping strategy",44,54,71,38,32
Yes,31,28,14,34,38
Not applicable/This coping strategy is not available to me,22,16,12,26,26
"No, have already exhausted this coping strategy and cannot use it again",2,2,2,2,4
4. Borrowed money,"","","","",""
"No, had no need to use this coping strategy",57,66,69,50,55
Not applicable/This coping strategy is not available to me,23,15,12,28,24
Yes,19,18,19,20,21
"No, have already exhausted this coping strategy and cannot use it again",1,1,0,2,0
5. Purchased food on credit or borrowed food,"","","","",""
"No, had no need to use this coping strategy",46,53,69,41,41
Not applicable/This coping strategy is not available to me,39,32,19,44,41
Yes,14,14,12,14,18
"No, have already exhausted this coping strategy and cannot use it again",1,0,0,1,0
"6. Reduced expenditures on essential non-food items (water, hygiene items, etc.)","","","","",""
"No, had no need to use this coping strategy",48,55,62,45,37
Yes,40,37,33,41,48
Not applicable/This coping strategy is not available to me,12,8,5,14,15
7. Reduced expenses on health or medicine,"","","","",""
"No, had no need to use this coping strategy",57,63,76,54,46
Yes,25,22,17,27,30
Not applicable/This coping strategy is not available to me,16,12,5,18,21
"No, have already exhausted this coping strategy and cannot use it again",2,3,2,1,3
8. Child or children dropped out of school,"","","","",""
Not applicable/This coping strategy is not available to me,60,52,48,65,71
"No, had no need to use this coping strategy",38,46,52,33,29
Yes,2,2,0,2,0
"No, have already exhausted this coping strategy and cannot use it again",0,0,0,0,0
9. Delayed or skipped paying rent,"","","","",""
"No, had no need to use this coping strategy",50,54,70,46,54
Not applicable/This coping strategy is not available to me,28,23,13,32,19
Yes,22,22,17,21,25
"No, have already exhausted this coping strategy and cannot use it again",1,1,0,1,3
10. Asked strangers for money or food,"","","","",""
"No, had no need to use this coping strategy",63,71,95,57,53
Not applicable/This coping strategy is not available to me,29,23,5,33,35
Yes,8,5,0,9,11
"No, have already exhausted this coping strategy and cannot use it again",1,0,0,1,1
11. Took an additional job,"","","","",""
"No, had no need to use this coping strategy",39,43,62,38,27
Yes,34,32,21,37,34
Not applicable/This coping strategy is not available to me,25,25,17,24,38
"No, have already exhausted this coping strategy and cannot use it again",1,1,0,1,2
"12. HH adult member accepted socially degrading, exploitative, high-risk, or illegal work","","","","",""
"No, had no need to use this coping strategy",50,58,69,46,44
Not applicable/This coping strategy is not available to me,48,41,29,52,52
Yes,2,1,2,2,4
"No, have already exhausted this coping strategy and cannot use it again",0,0,0,0,0
"13. HH minor member accepted socially degrading, exploitative, high-risk, or illegal work","","","","",""
Not applicable/This coping strategy is not available to me,50,42,17,55,83
"No, had no need to use this coping strategy",48,55,83,44,17
Yes,1,3,0,0,0
"No, have already exhausted this coping strategy and cannot use it again",0,0,0,1,0
"14. Child marriage (i.e., marriage of a household member aged 17 or younger)","","","","",""
Not applicable/This coping strategy is not available to me,54,45,17,60,83
"No, had no need to use this coping strategy",44,53,83,38,17
Yes,1,1,0,1,0
"No, have already exhausted this coping strategy and cannot use it again",1,0,0,1,0
What is the main reason why these coping strategies were used?,"","","","",""
Accessing food,78,78,73,80,74
Paying for healthcare,24,29,32,21,21
Paying for education,7,9,14,5,3
Paying for shelter,43,41,36,46,36
Paying for other basic needs,52,53,45,53,50
Paying smuggler(s),6,1,9,8,17
Paying a ransom,1,0,0,2,4
Sending money to family in country of origin,49,48,45,51,31
Other (please specify),1,1,0,0,0
Don't know,1,1,14,1,1
Prefer not to answer,0,1,0,0,0
What was the main source of drinking water you used over the past 30 days?,"","","","",""
Public network (connected to the shelter),43,49,71,37,53
Bottled water,40,35,29,46,25
"Protected well (e.g., in your house or in the mosque)",7,5,0,7,8
Water trucking,6,7,0,5,8
Tap accessible to the public  ,3,2,0,5,2
Unprotected well,1,0,0,1,4
Other (please specify),0,1,0,0,0
Prefer not to answer,0,0,0,0,0
Rainwater,0,0,0,0,0
"Surface water (lakes, ponds, rivers, etc.)",0,0,0,0,0
How far is the main source of drinking water from your dwelling?,"","","","",""
Up to 100m,34,36,50,32,53
500m or more,19,11,0,25,12
101-200m,17,20,8,14,22
201-300m,13,15,25,12,8
301-400m,10,10,17,11,4
401-500m,7,10,0,6,0
"In the last month, has there been any time when you did not have a sufficient quantity of drinking water to meet your daily needs?","","","","",""
No,65,68,76,60,79
Yes,34,31,21,39,21
Don't know,0,0,2,1,0
Prefer not to answer,0,0,0,0,0
How would you describe the quality of the drinking water from the main source you used during the last 30 days? ,"","","","",""
Water is fine to drink ,87,88,93,88,70
Taste is not good ,10,10,7,8,22
Smell is not good ,1,1,0,1,1
Water is discoloured,1,1,0,1,2
Water causes health issues (like diarrhea),1,1,0,1,0
Other (please specify),0,0,0,0,0
Don't know,3,2,0,3,7
Prefer not to answer,0,0,0,0,0
"What methods do you use, if any, to improve the quality of your drinking water?","","","","",""
No treatment methods used,52,44,0,58,55
Boiling,19,8,0,29,11
"Disinfection (tablets, iodine, etc.)",3,0,0,7,0
Water filters,24,44,100,7,26
Other (please specify),2,3,0,1,3
Don't know,3,1,0,4,5
Prefer not to answer,0,0,0,0,0
"Over the past 7 days, on how many days did you have access to drinking water from the public network?","","","","",""
Every day (7 days),36,46,64,28,44
Rarely (1-3 days),29,23,17,35,14
Most days (4-6 days),25,22,14,27,26
Not at all (0 days),9,8,5,8,15
Don't know,1,1,0,1,0
What kind of toilet do you have access to inside your shelter or within easy reach?,"","","","",""
Flush toilet (Arabic or Western),48,56,67,45,31
Pour toilet (Arabic or Western),47,45,40,47,59
Dry pit latrine (without water),6,3,5,7,14
No toilet inside shelter or within easy reach,1,1,0,1,2
Other (please specify),0,0,0,0,0
Don't know,0,0,0,0,0
Prefer not to answer,0,0,0,0,1
How far is the nearest accessible toilet from your dwelling?,"","","","",""
201-300m,39,29,,45,
Up to 100m,22,14,,27,
101-200m,17,43,,0,
301-400m,17,14,,18,
500m or more,6,0,,9,
How did you most often dispose of trash over the past 30 days?,"","","","",""
"Collected by the municipality, waste management service (private or public), or other authority ",28,32,36,26,20
"Put in a public place designated for waste disposal, to be collected later",46,53,55,40,47
Left in the road or in a public place not designated for waste disposal,15,12,10,16,30
Buried or burned,16,8,7,22,12
Other (please specify),0,0,0,0,0
Don't know,0,0,0,0,0
Prefer not to answer,0,0,0,0,0
How far is the trash disposal point from your dwelling?,"","","","",""
Up to 100m,29,30,27,28,36
101-200m,23,27,33,19,26
201-300m,17,16,13,17,15
500m or more,16,14,3,20,7
301-400m,9,9,13,9,9
401-500m,6,4,10,6,8
How frequently is your trash collected?,"","","","",""
More than once per week,55,68,53,44,56
Once per week,34,22,33,44,28
Once every two weeks,7,6,7,7,8
Don't know,2,1,0,3,4
Once per month,2,2,7,1,4
Less frequently than once per month,1,0,0,1,0
Prefer not to answer,0,0,0,0,0
"Among these products, are there any that you require but are unable to purchase?","","","","",""
There are no hygiene products that we require but are unable to purchase,60,65,76,57,47
Soap (liquid and bar)                                    ,24,21,21,26,28
"Disinfectant - surface cleaner (powder, liquid detergent)",19,20,12,18,28
Toothpaste ,12,10,0,13,22
Clean toothbrushes     ,8,7,0,9,18
Sanitary pads,4,2,0,4,10
Baby diapers                                               ,4,3,0,4,5
Water container (or Jerry can) ,14,11,5,17,10
Shampoo                                                     ,25,20,2,29,34
Dishwashing liquid ,19,17,2,22,21
Other (please specify),1,1,7,1,0
Don't know,1,1,0,2,2
Prefer not to answer,1,1,0,1,1
"If there were products in that list that you require but are unable to purchase, what is the main reason why you can't purchase them?","","","","",""
Too expensive,91,92,100,91,88
Not available in the market ,8,4,0,12,0
Can't reach the market ,3,2,0,3,6
Quality not good,8,5,0,10,9
Other (please specify),1,1,0,0,2
Don't know,1,0,0,1,2
Prefer not to answer,2,3,0,1,2
Have you been ill in the past 15 days?,"","","","",""
No,78,78,67,77,83
Yes,22,21,31,22,17
Don't know,0,0,2,1,0
Prefer not to answer,0,0,0,0,0
Did you go to a health facility to access the needed health care?,"","","","",""
Yes,77,81,85,75,67
No,22,18,15,25,33
Don't know,0,0,0,0,0
Prefer not to answer,0,1,0,0,0
Do you face any challenges accessing health care when you need it?,"","","","",""
No,80,82,81,80,72
Yes,18,16,19,17,26
Don't know,2,2,0,2,1
Prefer not to answer,0,0,0,1,2
what are the main reasons for you to have limited or no access to healthcare?,"","","","",""
Health facilities have been damaged or destroyed,2,4,0,2,0
Distance to health facilities is too far,22,24,25,21,19
Route to health facilities is unsafe ,8,8,0,7,12
Presence of explosive hazards,0,0,0,0,0
No available health facilities that can accept new patients,2,2,0,2,0
No/lack of money to pay for care,35,41,0,32,38
Lack of means of transport to get to the healthcare facilities,10,12,25,7,9
Lack of medical staff in general,15,15,38,16,6
Lack of female medical staff in particular,2,3,0,1,0
Lack of private room(s) for receiving confidential care,2,4,0,2,0
Lack of medicines,12,14,0,11,12
Lack of medical supplies,6,6,0,4,12
Lack of documentation,12,8,0,15,16
Price barriers to access medical aid,19,22,0,19,16
Linguistic barriers,4,1,0,6,9
No available health facilities that accept refugees/migrants,13,11,25,13,19
Did not know where to go,4,3,0,5,0
"For females, denial of permission from family members to visit health facility",0,0,0,0,0
"For females, absence of male companion to accompany during visit to health facility",1,0,0,1,0
Afraid to become known as a migrant,8,8,12,9,3
Other (please specify),0,0,0,0,0
Don't know,1,0,0,2,0
Prefer not to answer,1,0,12,1,0
What do you do when you do not have enough money to pay for all the healthcare that is needed?,"","","","",""
"Revert to non-medical alternatives  (e.g., traditional medicine, home treatments)",55,38,,75,27
Prioritize emergency cases,18,10,,29,0
Get medical treatment from individuals without professional training,10,7,,14,0
"Use expired medicine or recycle medical items (e.g., syringes",3,5,,2,0
Travel abroad for required medical treatment,0,0,,0,0
Travel to other manitkas for required medical treatment,3,7,,0,0
Self-treatment,28,40,,22,9
Do not seek medical help,10,10,,8,18
"Reduce expenditures on other needs (education, NFIs,  food)",11,17,,8,0
Visit health centre managed by NGO,6,5,,4,18
Visit Libyan medical doctor outside medical facilities,1,2,,0,0
"Visit foreign medical doctor outside medical facilities,",5,7,,2,9
Other (please specify),3,7,,0,0
Don't know,3,2,,2,9
Prefer not to answer,1,0,,0,9
How do you travel from your place of residence to the nearest health service provider?,"","","","",""
By car,31,38,26,26,32
Have not visited a local health service provider,31,26,38,34,32
By foot,15,14,7,16,14
Driven there by somebody I know,12,11,14,13,10
By public transport,8,9,14,8,6
By bicycle,1,0,0,2,2
No way to get there,1,1,0,1,1
Don't know,0,0,0,0,2
Prefer not to answer,0,0,0,1,1
Other (please specify),0,0,0,0,0
How much time does it take you to travel from your place of residence to the nearest health service provider using this form of travel?,"","","","",""
Less than 15 minutes,42,49,38,37,40
15-29 minutes,39,35,35,41,41
30-59 minutes,12,9,15,15,12
1-2 hours,6,6,12,6,6
More than 2 hours,0,1,0,0,1
Prefer not to answer,0,0,0,0,0
Did you give live birth in Libya during the 2 last years?,"","","","",""
No,69,77,,61,69
Yes,30,22,,38,31
Don't know,1,2,,2,0
Who assisted in the delivery?,"","","","",""
No one                                          ,0,0,,0,0
Obstetrician,68,77,,61,75
General practitioner,2,8,,0,0
Certified midwife          ,10,8,,13,0
Uncertified midwife         ,8,0,,13,0
Nurse                                  ,10,15,,9,0
Relatives / Friends ,8,0,,9,25
Other (please specify),0,0,,0,0
Don't know,0,0,,0,0
Prefer not to answer,0,0,,0,0
Do you suffer from any chronic disease?,"","","","",""
No,89,85,81,91,90
Yes,10,14,17,8,9
Don't know,1,0,2,1,0
Prefer not to answer,0,0,0,0,1
Which diseases do you suffer from? ,"","","","",""
Blood pressure ,31,36,57,23,36
Heart disease,10,13,0,10,0
Diabetes,30,41,29,21,9
Asthma,11,8,14,12,27
Joint pain (arthritis),25,22,0,33,18
Chronic back pain (spinal cord),7,3,0,14,0
Cataract ,0,0,0,0,0
Stomach ulcers,10,5,0,16,9
Kidney failure,1,1,0,0,0
Epilepsy,1,1,0,0,0
Other (please specify),5,7,0,4,0
Don't know,0,0,0,0,0
Prefer not to answer,0,0,0,0,0
Do you have adequate access to the needed health care services to treat this condition?,"","","","",""
"Yes, adequate access",50,56,71,36,82
"Limited access (only sometimes, limited quantity, etc.)",38,36,29,46,9
No access,11,7,0,16,9
Don't know,1,1,0,1,0
What are the services that are not available (when needed or prescribed)?,"","","","",""
No access to the health facility,20,14,0,24,50
Lack of availability of specialized consultation,46,41,50,52,0
Lack of availability of general practitioners for the follow-up,28,27,0,30,0
"Lack of availability of radiologic tests (X-ray, ultrasound, scan, MRI, etc.)",14,16,0,13,0
"Lack of availability of biologic tests (blood test, urinary test, etc.)",2,0,0,4,0
"Lack of availability of specialized medical investigation (fibroscopy, angiography, etc.)",7,11,0,4,0
Lack of availability of medicines ,32,24,0,41,0
Other (please specify),9,16,0,4,0
Don't know,3,0,0,4,50
Prefer not to answer,1,0,50,0,0
"Within the past 30 days, have you experienced any of the following? (select all that apply)","","","","",""
I did not experience any of the below ,36,39,38,34,26
Feeling little interest or pleasure doing things that you normally like,16,17,24,14,18
"Feeling down, depressed or hopeless",22,21,7,22,38
Feeling tired or having little energy for no good reason,34,31,36,35,39
"Trouble falling asleep, staying asleep or sleeping too much",15,17,24,12,20
Felt so nervous that nothing could calm you down,8,10,10,5,11
Felt so afraid that nothing could calm you down,5,4,12,5,10
Felt so angry that you felt out of control,5,7,5,4,2
Prefer not to answer,1,0,0,2,2
"Do you have physical or cognitive difficulties (for example: mobility, hearing, sight, communicating) which impact your ability to carry out day-to-day activities such as working, studying, walking, getting dressed, and remembering things?","","","","",""
No,96,96,98,95,97
Yes,3,4,2,2,2
Prefer not to answer,1,0,0,1,0
Don't know,1,0,0,1,1
Do you fall into any of the following categories:,"","","","",""
Minor difficulties carrying out daily activities but does not need assistance or attention,39,36,0,50,0
No difficulty carrying out daily activities,29,32,100,23,33
"A lot of difficulty carrying out daily activiites and needs quite a bit of assistance and atention (e.g., for 3-6 hours/day)",12,8,0,9,67
"Some difficulties carrying out daily activities and needs some assistance and attention (e.g., for 1-2 hours/day)",12,12,0,14,0
Cannot carry out daily activities independently and needs permanent assistance and attention,8,12,0,5,0
What was the cause of the disability?,"","","","",""
"Congenital origin (i.e., present since birth)",41,52,100,27,33
Illness,24,20,0,27,33
Road accident,12,8,0,14,33
Domestic accident,8,8,0,9,0
Prefer not to answer,6,4,0,9,0
Shot from war weapon,6,8,0,5,0
"Mine, unexploded ordnance (UXO), or improvised explosive device (IED)",2,0,0,5,0
"Pregnancy complications (i.e., complications to the mother)",2,0,0,5,0
Do you have adequate access to the health care that you need to treat or manage your condition?,"","","","",""
"Yes, adequate access",45,52,100,32,67
"Limited access (only sometimes, limited quantity, etc.)",33,28,0,41,33
No access,22,20,0,27,0
What are the services that are not available (when needed or prescribed)?,"","","","",""
Lack of physical therapy and/or rehabilitation,38,38,,33,100
Lack of wheelchair,17,15,,20,0
"Lack of other assistive devices (e.g., prosthetic limbs or hearing aids)",24,15,,33,0
Lack of psychosocial support,34,54,,20,0
Other (please specify),0,0,,0,0
Don't know,21,8,,33,0
Prefer not to answer,3,8,,0,0
1. Boys (6-10),"","","","",""
Average,0.218241042345277,0.401574803149606,0,0.0949367088607595,0.0769230769230769
2. Boys (11-17),"","","","",""
Average,0.234527687296417,0.425196850393701,0.222222222222222,0.0949367088607595,0.0769230769230769
3. Girls (6-10),"","","","",""
Average,0.166123778501629,0.275590551181102,0,0.10126582278481,0
4. Girls (11-17) ,"","","","",""
Average,0.175895765472313,0.354330708661417,0,0.0569620253164557,0
children_enrolled_calc,"","","","",""
Average,0.794788273615635,1.45669291338583,0.222222222222222,0.348101265822785,0.153846153846154
1. Boys (6-10),"","","","",""
Average,0.185667752442997,0.346456692913386,0,0.0759493670886076,0.0769230769230769
2. Boys (11-17),"","","","",""
Average,0.182410423452769,0.338582677165354,0.222222222222222,0.0632911392405063,0.0769230769230769
3. Girls (6-10),"","","","",""
Average,0.130293159609121,0.220472440944882,0,0.0759493670886076,0
4. Girls (11-17) ,"","","","",""
Average,0.146579804560261,0.31496062992126,0,0.0316455696202532,0
children_attending_calc,"","","","",""
Average,0.644951140065147,1.22047244094488,0.222222222222222,0.246835443037975,0.153846153846154
notattending_notenrolled_school_male,"","","","",""
Average,0.95114006514658,0.551181102362205,0.666666666666667,1.28481012658228,1
notattending_notenrolled_school_female,"","","","",""
Average,0.58957654723127,0.425196850393701,0.777777777777778,0.708860759493671,0.615384615384615
1. Less than 1 month,"","","","",""
Average,0,0,0,0,0
2. 1-3 months,"","","","",""
Average,0.00568181818181818,0.0217391304347826,0,0,0
3. 4-6 months,"","","","",""
Average,0.00568181818181818,0,0,0.00862068965517241,0
4. More than 6 months,"","","","",""
Average,0.00568181818181818,0,0,0.00862068965517241,0
5. Entire 2018-2019 school year ,"","","","",""
Average,0.164772727272727,0.239130434782609,0.166666666666667,0.112068965517241,0.5
Never attended school,"","","","",""
Average,0.525641025641026,0.292682926829268,0.6,0.6,0.8
notattending_notenrolled_school_male_calc,"","","","",""
Average,0.647727272727273,0.521739130434783,0.666666666666667,0.672413793103448,1
1. Less than 1 month,"","","","",""
Average,0.024390243902439,0,0,0.0277777777777778,0.166666666666667
2. 1-3 months,"","","","",""
Average,0,0,0,0,0
3. 4-6 months,"","","","",""
Average,0,0,0,0,0
4. More than 6 months,"","","","",""
Average,0.00813008130081301,0.0256410256410256,0,0,0
5. Entire 2018-2019 school year ,"","","","",""
Average,0.121951219512195,0.153846153846154,0.166666666666667,0.0555555555555556,0.666666666666667
Never attended school,"","","","",""
Average,0.288461538461538,0.235294117647059,0.166666666666667,0.32258064516129,0.5
notattending_notenrolled_school_female_calc,"","","","",""
Average,0.398373983739837,0.384615384615385,0.333333333333333,0.361111111111111,1
What type of education do the children in your household have access to in this baladiya?,"","","","",""
No access to formal education,31,13,33,42,54
Public school,35,65,56,11,23
Private school,36,39,22,38,0
Koranic school,30,35,56,27,0
Other (please specify),3,3,0,2,8
Don't know,5,4,0,5,15
Prefer not to answer,1,0,11,2,0
"Of the school-aged children in your household who are neither enrolled in school nor attending school, why are they not attending school?","","","","",""
"Problems with school infrastructure, or school is used for other purpose",27,7,38,35,27
"Problems with means, transport, materials, or food",28,14,50,33,9
"Problems with quality, curriculum, or capacity",30,5,50,39,36
Problems with safety and security,33,25,25,36,45
"Problems with child's health or behavior, lack of documentation, child marriage or pregnancy, discrimination, or the need for the child to work at home or for a salary",38,19,25,43,73
Other (please specify),17,32,0,11,27
Don't know,14,12,0,16,0
Prefer not to answer,8,5,25,8,9
What are the specific problems around school infrastructure that have contributed to the school-aged children not attending school?,"","","","",""
"Lack of basic amenities at school (potable water, heat, electricity)",79,25,100,81,100
Lack of infrastructure (school buildings or classrooms) to accommodate all children,59,25,100,60,33
Lack of latrines separated by sex,24,25,67,23,0
Local schools overcrowded/lack of space in local schools,36,0,67,35,67
School is used for other purpose,59,0,67,60,100
Other (please specify),0,0,0,0,0
Don't know,5,25,0,4,0
Prefer not to answer,2,0,0,2,0
"What are the specific problems around means, transport, materials, or food that have contributed to the school-aged children not attending school?","","","","",""
Distance or transport constraint,73,75,100,70,100
School fees or costs,68,50,25,74,100
Lack of teaching and learning materials or supplies,32,25,50,30,100
Lack of food,14,12,25,13,0
Other (please specify),0,0,0,0,0
Don't know,2,0,0,2,0
Prefer not to answer,2,0,0,2,0
"What are the specific problems around quality, curriculum, or capacity that have contributed to the school-aged children not attending school?","","","","",""
Language,80,0,100,81,100
"One or more school level is not available (pre-primary, primary, secondary, tertiary).",58,0,50,61,75
Lack of teachers,6,33,0,6,0
Poor quality of teaching,23,67,25,22,0
Education is not seen as useful,62,67,50,59,100
What is taught is not culturally or age appropriate,46,33,0,46,100
Other (please specify),0,0,0,0,0
Don't know,3,0,0,4,0
Prefer not to answer,0,0,0,0,0
What are the specific problems around safety and security that have contributed to the school-aged children not attending school?,"","","","",""
Insecurity on the way to school or in the area (real or perceived),66,43,100,68,100
The child joined an armed group or military.,6,0,0,6,20
"Emotional or physical abuse by teachers (corporal punishment, humiliation, corporal punishment etc.)",30,7,50,30,80
"Emotional or physical abuse by peers (bullying, fighting, discrimination, etc)",55,14,100,66,40
Displaced by conflict,8,21,0,4,20
Displaced by natural disaster,0,0,0,0,0
Abduction/detention,31,14,0,34,60
Other (please specify),0,0,0,0,0
Don't know,6,0,0,8,0
Prefer not to answer,3,7,0,2,0
"What are the specific problems around child vulnerabilities (health/behavior, documentation, etc.) that have contributed to the school-aged children not attending school?","","","","",""
The child has a prolonged illness.,0,0,0,0,0
The child has a disability (access issue).,1,9,0,0,0
The child is on the move.,43,0,100,50,38
Lack of documentation,90,73,100,92,100
Child marriage,0,0,0,0,0
"Social discrimination (due to ethnicity, religion, poverty, gender, health, disability, or other)",60,18,50,68,62
Suspended or expelled for performance or behaviour issues,21,0,50,23,25
"The child is pregnant, lactating, or has a child of her own.",1,0,0,2,0
The child is busy with chores.,38,0,50,47,25
The child works.,11,9,0,13,0
Other (please specify),0,0,0,0,0
Don't know,0,0,0,0,0
Prefer not to answer,1,0,0,2,0
Would you like your children in your household that are not attending school to access education while in Libya?,"","","","",""
Yes,60,67,25,60,36
No,34,19,50,37,64
Prefer not to answer,7,14,25,3,0
Have any children in your household ever faced any of these issues when attending school in Libya?,"","","","",""
No issues faced by children in the household when attending school,47,53,0,31,50
Lack of functioning latrines,17,17,0,16,0
Lack of separate and safe toilets for boys and girls,11,8,0,22,0
Lack of clean water,14,14,0,16,0
Lack of accessibility for students living with disabilities,2,1,0,3,0
Overcrowding,11,14,0,3,0
Poor quality of teachers,13,13,0,9,50
Violence from teachers (excluding sexual violence or harassment),7,7,0,9,0
Bullying/violence from other students (excluding sexual violence or harassment),19,16,100,25,0
Sexual violence or harassment,1,0,0,3,0
Discrimination,20,15,0,38,0
Attempted recruitment by armed actors,0,0,0,0,0
"School building conversion into other purposes (displaced accommodation, military barracks, etc.)",4,2,0,9,0
Other (please specify),1,1,0,0,0
Don't know,2,0,0,9,0
Prefer not to answer,1,1,0,0,0
1. Attending formal Libyan school unofficially,"","","","",""
Average,0.024390243902439,0.0202020202020202,0,0.0307692307692308,0
2. Attending unofficial or unrecognised private school,"","","","",""
Average,0.0284552845528455,0,0,0.0538461538461538,0
3. Non formal education at NGO centre,"","","","",""
Average,0,0,0,0,0
4. Employer providing professional training,"","","","",""
Average,0.0772357723577236,0.0101010101010101,0,0.130769230769231,0.1
5. Non-formal education at home,"","","","",""
Average,0.150406504065041,0,0.285714285714286,0.261538461538462,0.1
6. Non formal education at faith-based organization,"","","","",""
Average,0.032520325203252,0.0505050505050505,0,0.0230769230769231,0
7. Non formal education at community centre,"","","","",""
Average,0.0040650406504065,0,0,0.00769230769230769,0
8. Non formal education at Museum/libraries,"","","","",""
Average,0,0,0,0,0
"9, Homeschooling/self-learning","","","","",""
Average,0.0934959349593496,0.0303030303030303,0.142857142857143,0.146153846153846,0
Other (please specify),"","","","",""
Average,0,0,0,0,0
nonformal_education_boys_calc,"","","","",""
Average,0.410569105691057,0.111111111111111,0.428571428571429,0.653846153846154,0.2
1. Attending formal Libyan school unofficially,"","","","",""
Average,0.0106382978723404,0,0,0.0117647058823529,0.166666666666667
2. Attending unofficial or unrecognised private school,"","","","",""
Average,0.0372340425531915,0,0,0.0823529411764706,0
3. Non formal education at NGO centre,"","","","",""
Average,0,0,0,0,0
4. Employer providing professional training,"","","","",""
Average,0,0,0,0,0
5. Non-formal education at home,"","","","",""
Average,0.0797872340425532,0,0,0.176470588235294,0
6. Non formal education at faith-based organization,"","","","",""
Average,0.00531914893617021,0.010989010989011,0,0,0
7. Non formal education at community centre,"","","","",""
Average,0.0106382978723404,0,0,0,0.333333333333333
8. Non formal education at Museum/libraries,"","","","",""
Average,0,0,0,0,0
"9, Homeschooling/self-learning","","","","",""
Average,0.0797872340425532,0.032967032967033,0.333333333333333,0.105882352941176,0.166666666666667
Other (please specify),"","","","",""
Average,0,0,0,0,0
nonformal_education_girls_calc,"","","","",""
Average,0.223404255319149,0.043956043956044,0.333333333333333,0.376470588235294,0.666666666666667
How often do your children have access to non-formal education?,"","","","",""
Never,53,63,44,47,25
Five days a week,16,22,11,12,8
Between four and two times per week,10,4,11,15,25
Prefer not to answer,8,8,11,6,42
Few days per month,7,2,11,11,0
Once per week,6,2,11,9,0
What type of formal education do refugee and migrant children have access to in this baladiya?  ,"","","","",""
No access to education,23,15,17,28,27
Public school,22,41,29,11,12
Private school,30,36,29,27,12
Koranic school,19,22,26,18,13
Other (please specify),1,0,0,1,1
Don't know,34,31,46,35,47
Prefer not to answer,1,1,0,1,4
What kinds of non-formal education do refugee and migrant children have access to in this location?,"","","","",""
No access to non formal education,25,22,22,27,21
Attending formal Libyan school unofficially,5,9,11,3,4
Attending unofficial or unrecognised private school,10,9,11,11,2
Non formal education at NGO centre,3,3,11,3,4
Employer providing professional training,4,2,11,5,4
Non-formal education at home,12,10,11,14,8
Non formal education at faith-based organization,10,10,14,9,9
Non formal education at community centre,3,2,3,3,3
Non formal education at Museum/libraries,1,1,3,1,1
"9, Homeschooling/self-learning",12,10,6,13,9
Other (please specify),0,1,0,0,0
Don't know,42,43,50,38,55
Prefer not to answer,1,1,0,2,3
Do you feel like you are in danger in this baladiya?,"","","","",""
No,71,77,81,68,53
Yes,26,19,12,28,45
Don't know,4,3,5,4,2
Prefer not to answer,0,0,2,0,0
Why do you feel in danger?,"","","","",""
I have no one who can help me,26,19,20,30,23
I am afraid of or affected by conflict in my area,31,32,40,32,21
I am afraid of being robbed,35,44,60,32,29
I was previously robbed,26,21,60,27,27
I am afraid of being arrested because of lack of documents,23,19,20,20,45
I was previously arrested because lack of documents,11,7,40,12,9
I am afraid of being arrested for other reasons (not related to documents),9,10,20,8,11
I was previously arrested for other reasons (not related to documents),7,7,0,7,5
I was previously threatened,8,8,0,7,9
I am afraid of being held captive or detained against my will,17,15,0,15,32
I was previously held captive or detained against my will,6,3,0,7,9
I am afraid of being kidnapped. ,18,23,20,16,14
I was previously kidnapped,5,6,0,4,9
I am afraid of being tortured,13,12,0,10,32
I was previously tortured,5,5,0,5,7
I am afraid of being physically harassed (not sexually),6,8,0,5,4
I previously suffered from physical harassment (not sexual),1,1,0,2,0
I previously suffered from verbal harassment,16,11,40,16,20
I am afraid of being sexually harassed,2,1,0,2,4
I previously suffered from sexual harassment,1,0,0,1,2
I am afraid of or affected by enviromental hazards,0,0,0,1,0
I am afraid of or affected by mine/ UXO risks,1,0,0,2,0
Other (please specify),0,0,0,0,0
Don't know,1,0,0,1,0
Prefer not to answer,0,0,0,0,0
You said that you feel in danger in this baladiya. How do you try to avoid these risks?,"","","","",""
There is nothing I can do to avoid the risk,9,1,0,12,14
I avoid walking/staying alone,44,43,100,45,33
I avoid walking out at night time,70,78,75,69,57
I am cautious not to be noticed by strangers,12,9,50,12,16
I avoid taking always the same streets/routines,12,11,25,11,16
I always carry my belongings/savings with me,4,2,0,5,0
I hand my belongings/savings to a friend in Libya,9,10,0,10,4
I use a cashier,2,1,0,2,0
I carry a weapon to defend myself,3,1,25,5,0
I lock up the house,26,30,75,25,18
I move to another location,2,1,0,2,4
I stay inside/hidden until the situation improved,7,7,25,8,2
I seek protection by a Libyan,16,14,0,18,10
I seek protection by other refugees or migrants,4,1,0,7,2
Other (please specify),1,0,0,0,6
Don't know,0,0,0,0,2
Prefer not to answer,0,0,0,0,0
What would make you feel safer/less vulnerable to the dangers in Libya?,"","","","",""
Having a shelter,26,20,60,26,34
Being with family or friends,36,45,60,32,32
Having a phone to communicate and ask for help,12,11,20,12,11
Having more economic resources,5,13,0,2,7
Being able to speak Arabic,23,18,60,23,32
Having the support of a Libyan person,45,39,40,50,32
Having official or ID documents,23,18,40,22,34
Having a job,8,5,20,8,18
Knowing other migrants who speak my language,17,11,20,17,25
Being a man,6,8,0,3,16
Being a woman ,5,3,0,7,2
Other (please specify),1,1,0,1,0
Don't know,3,1,0,3,7
Prefer not to answer,0,1,0,0,0
Property documents,19,29,0,17,16
Family book,19,24,50,21,5
Certificate of nationality,28,14,50,34,21
Passport,72,76,100,71,68
National ID card,28,29,0,33,16
Residence Certificate,55,48,50,59,53
Birth certificate,8,0,0,12,5
Refugee card,31,24,50,36,21
Other (please specify),1,5,0,0,0
Don't know,2,0,0,2,5
Prefer not to answer,0,0,0,0,0
What do you think are the safety and security concerns for refugee and migrant children (under 18) in your baladiya?,"","","","",""
None,32,42,67,24,31
Being robbed,41,31,21,50,30
Being threatened with violence,14,10,7,16,20
Being kidnapped ,15,9,10,19,18
Suffering from torture ,4,3,2,5,11
Suffering from physical harassment (not sexual) ,9,7,2,10,12
Suffering from verbal harassment ,17,14,10,18,25
Suffering from sexual harrassment,3,2,0,4,9
Being killed,6,2,2,9,2
Being arrested or detained ,15,9,2,18,22
Being exploited,19,14,5,23,16
Other (please specify),0,0,0,0,0
Don't know,8,9,10,8,6
Prefer not to answer,0,0,0,0,1
Are girls and boys affected differently by the dangerous situations you mentioned?,"","","","",""
Boys are more affected,51,47,20,54,47
Girls are more affected,29,33,50,28,25
No,20,20,30,19,29
Have you been able to move freely around this baladiya during all of the last year?,"","","","",""
Yes,71,77,79,70,48
No,26,21,17,28,48
Don't know,2,2,5,2,4
Prefer not to answer,0,0,0,1,0
Why were you unable to move freely around this baladiya?,"","","","",""
Conflict or insecurity,65,71,43,66,53
Lack of money to travel,13,12,29,13,12
Lack of means of  transportation,7,2,14,10,5
I was kidnapped,4,5,0,3,7
I was arrested or detained,11,12,29,11,8
I was afraid of being arrested,41,35,29,42,52
Other (please specify),2,2,0,1,3
Don't know,1,0,0,2,0
Prefer not to answer,1,0,0,2,0
How long were you unable to move freely for?,"","","","",""
more than a year,33,32,29,34,28
three to less than six months,14,16,0,15,10
six months to a year,14,16,14,14,12
less than one week,11,15,29,9,10
one to less than three months,9,8,0,6,22
two weeks - less than one month,8,9,29,7,8
one week - less than two weeks,5,5,0,5,5
Don't know,5,0,0,8,2
Prefer not to answer,1,0,0,1,3
Presence of explosive hazards,"","","","",""
No,91,91,83,91,92
Yes,8,8,14,8,7
Prefer not to answer,1,1,2,1,1
What course of action did you take?,"","","","",""
No action taken,69,71,50,70,56
Contacted local authorities,20,17,33,18,33
Contacted hotline/emergency services                      ,3,2,17,4,0
"Self-help (i.e., cleared the explosive hazard themselves)",3,2,0,4,11
Don't know,3,4,0,3,0
Contacted a mine action authority (specify),1,2,0,1,0
Prefer not to answer,1,2,0,0,0
Have you received any form of information on the risk of explosive hazards? ,"","","","",""
No,82,81,76,82,83
Yes,17,17,24,16,15
Don't know,2,2,0,2,2
Prefer not to answer,0,0,0,0,0
"From what source? 
","","","","",""
Training session                      ,1,2,0,1,0
Presentation/briefing,8,5,20,11,0
Community representative (i.e.m a focal point going around talking to people),36,51,40,24,37
Social media ,51,66,70,39,47
Conventional media (TV/radio/newspaper),42,45,60,40,37
"Posters, flyers, or other printed material ",41,32,30,48,42
School,4,7,10,1,0
Other (please specify),2,1,0,3,0
Don't know,2,0,0,3,0
Prefer not to answer,0,0,0,0,0
"Have you been harmed as a result of being exposed to an explosive hazards in the past? (Do not include being harmed by a household or work-related explosion, such as from a gas cylinder. This question relates only to weapons-related explosions.)","","","","",""
No,99,99,100,98,99
Yes,1,1,0,1,0
Prefer not to answer,0,0,0,1,1
"Have you received any received any rehabilitation, health care, special assistance, or government assistance for your injury or impairment?","","","","",""
"Yes, financial support",14,17,,12,
"Yes, psychological and psychosocial support",7,17,,0,
"Yes, support in physical therapy and functional rehabilitation",7,0,,12,
"Yes, donation of mobility devices (wheelchairs, crutches, etc.)",0,0,,0,
"Yes, donation of prosthesis & orthotics (artificial limb, externally applied device, etc.)",0,0,,0,
Assistance needed but none received,43,67,,25,
Do not need assistance,14,17,,12,
Other (please specify),0,0,,0,
Don't know,7,0,,12,
Prefer not to answer,14,0,,25,
Public hospital ,18,0,,22,0
Private clinic,0,0,,0,0
Family,9,0,,11,0
Private donations,18,100,,11,0
Local NGO,0,0,,0,0
Municipal authorities,0,0,,0,0
Religious authorities,0,0,,0,0
International NGO,18,0,,22,0
Social Solidarity Fund,0,0,,0,0
Libyan doctor outside medical facility ,9,0,,11,0
Non-Libyan doctor ,9,0,,11,0
Other (please specify),0,0,,0,0
Don't know,9,0,,11,0
Prefer not to answer,36,0,,33,100
Which of the following services have you needed to access during the past year in Libya?,"","","","",""
None,38,35,36,39,41
"Public hospital, ",23,26,38,20,26
"Private hospital or clinic, ",20,24,31,17,14
Mental health and psychosocial support,3,2,5,4,5
Sexual and reproductive health services,3,0,2,4,2
Gender-based violence assistance,2,1,0,3,2
"Public education, ",5,7,7,5,4
Private education,4,3,2,5,2
"Banking, ",9,10,19,8,6
"Police assistance, ",8,7,14,9,6
"Rental accommodation, ",15,18,14,13,15
Legal services (solicitor/lawyer),4,3,5,5,4
Assistance from humanitarian organisations,13,12,21,12,21
Transport,8,8,10,8,6
Information on available basic services,6,5,10,7,8
Other (please specify),1,1,0,1,0
Don't know,2,1,0,2,0
Prefer not to answer,0,0,0,0,1
"1. Public hospital,","","","","",""
Was able to access without assistance,45,54,44,40,33
Was able to access with the help of Libyan friends or colleagues,36,29,50,40,36
Was not able to access,19,16,6,20,30
Why did you not have access to this service?,"","","","",""
I was deliberately excluded by the service providers,18,31,100,11,0
I had no money to pay for it,35,38,0,32,40
I was unable to move freely,14,8,0,11,40
I had no documents to access it,20,15,0,19,40
There was poor access or transport to the service,4,0,0,5,10
I did not know where to find the service,8,8,0,5,20
I could not speak the language of the service providers,5,0,0,8,10
Other (please specify),4,12,0,0,0
Don't know,18,0,0,32,10
Prefer not to answer,0,0,0,0,0
2. Private hospital,"","","","",""
Was able to access without assistance,44,56,46,34,39
Was able to access with the help of Libyan friends or colleagues,43,35,54,51,39
Was not able to access,12,9,0,15,22
Why did you not have access to this service?,"","","","",""
I was deliberately excluded by the service providers,14,7,,21,0
I had no money to pay for it,76,86,,71,75
I was unable to move freely,0,0,,0,0
I had no documents to access it,14,7,,17,25
There was poor access or transport to the service,5,0,,8,0
I did not know where to find the service,2,7,,0,0
I could not speak the language of the service providers,2,0,,4,0
Other (please specify),0,0,,0,0
Don't know,2,0,,4,0
Prefer not to answer,0,0,,0,0
3. Public education,"","","","",""
Was not able to access,49,29,33,68,60
Was able to access without assistance,35,50,0,25,20
Was able to access with the help of Libyan friends or colleagues,16,21,67,7,20
Why did you not have access to this service?,"","","","",""
I was deliberately excluded by the service providers,17,0,100,23,0
I had no money to pay for it,37,50,0,37,0
I was unable to move freely,9,8,0,7,33
I had no documents to access it,39,33,0,40,67
There was poor access or transport to the service,9,8,100,3,33
I did not know where to find the service,7,8,0,3,33
I could not speak the language of the service providers,9,0,0,13,0
Other (please specify),4,8,0,3,0
Don't know,9,0,0,10,33
Prefer not to answer,2,0,0,3,0
4. Private education,"","","","",""
Was not able to access,45,35,100,49,50
Was able to access with the help of Libyan friends or colleagues,29,20,0,35,0
Was able to access without assistance,26,45,0,16,50
Why did you not have access to this service?,"","","","",""
I was deliberately excluded by the service providers,13,0,100,14,0
I had no money to pay for it,63,71,0,62,100
I was unable to move freely,3,0,0,5,0
I had no documents to access it,30,14,0,38,0
There was poor access or transport to the service,7,0,0,10,0
I did not know where to find the service,13,29,0,10,0
I could not speak the language of the service providers,23,0,0,33,0
Other (please specify),0,0,0,0,0
Don't know,17,0,0,24,0
Prefer not to answer,0,0,0,0,0
5. Banking,"","","","",""
Was not able to access,49,38,38,58,57
Was able to access with the help of Libyan friends or colleagues,32,35,50,26,43
Was able to access without assistance,19,27,12,16,0
Why did you not have access to this service?,"","","","",""
I was deliberately excluded by the service providers,36,50,67,27,25
I had no money to pay for it,18,4,33,24,25
I was unable to move freely,4,4,0,4,0
I had no documents to access it,45,17,33,58,75
There was poor access or transport to the service,13,17,33,11,0
I did not know where to find the service,14,8,0,16,50
I could not speak the language of the service providers,13,0,33,18,25
Other (please specify),9,29,0,0,0
Don't know,4,0,0,7,0
Prefer not to answer,0,0,0,0,0
6. Police assistance,"","","","",""
Was able to access with the help of Libyan friends or colleagues,60,67,50,58,62
Was not able to access,27,18,33,31,38
Was able to access without assistance,12,16,17,12,0
Why did you not have access to this service?,"","","","",""
I was deliberately excluded by the service providers,28,38,50,27,0
I had no money to pay for it,8,0,0,12,0
I was unable to move freely,10,12,0,4,67
I had no documents to access it,31,12,0,38,33
There was poor access or transport to the service,3,0,0,4,0
I did not know where to find the service,10,0,0,12,33
I could not speak the language of the service providers,8,0,0,8,33
Other (please specify),10,38,0,0,33
Don't know,10,0,0,15,0
Prefer not to answer,3,0,50,0,0
7. Rental accommodation,"","","","",""
Was able to access with the help of Libyan friends or colleagues,65,72,83,61,47
Was not able to access,18,11,0,23,26
Was able to access without assistance,17,17,17,15,26
Why did you not have access to this service?,"","","","",""
I was deliberately excluded by the service providers,0,0,,0,0
I had no money to pay for it,65,75,,55,100
I was unable to move freely,0,0,,0,0
I had no documents to access it,13,0,,21,0
There was poor access or transport to the service,2,0,,3,0
I did not know where to find the service,22,25,,24,0
I could not speak the language of the service providers,2,0,,3,0
Other (please specify),0,0,,0,0
Don't know,7,0,,10,0
Prefer not to answer,0,0,,0,0
8. Legal services (solicitor/lawyer),"","","","",""
Was able to access with the help of Libyan friends or colleagues,76,68,100,78,80
Was not able to access,14,16,0,15,0
Was able to access without assistance,10,16,0,7,20
Why did you not have access to this service?,"","","","",""
I was deliberately excluded by the service providers,10,0,,14,
I had no money to pay for it,50,33,,57,
I was unable to move freely,10,0,,14,
I had no documents to access it,10,0,,14,
There was poor access or transport to the service,10,33,,0,
I did not know where to find the service,10,33,,0,
I could not speak the language of the service providers,10,0,,14,
Other (please specify),0,0,,0,
Don't know,0,0,,0,
Prefer not to answer,0,0,,0,
9. Assistance from humanitarian organisations ,"","","","",""
Was not able to access,47,48,89,49,23
Was able to access with the help of Libyan friends or colleagues,43,38,11,50,42
Was able to access without assistance,10,14,0,2,35
Why did you not have access to this service?,"","","","",""
I was deliberately excluded by the service providers,10,11,0,12,0
I had no money to pay for it,3,3,0,2,17
I was unable to move freely,10,11,0,10,17
I had no documents to access it,7,5,0,10,0
There was poor access or transport to the service,5,8,0,4,0
I did not know where to find the service,71,76,100,63,67
I could not speak the language of the service providers,2,3,0,2,0
Other (please specify),0,0,0,0,0
Don't know,11,3,0,17,17
Prefer not to answer,0,0,0,0,0
10. Transport,"","","","",""
Was able to access without assistance,58,71,0,56,14
Was able to access with the help of Libyan friends or colleagues,32,19,75,35,71
Was not able to access,10,10,25,10,14
Why did you not have access to this service?,"","","","",""
I was deliberately excluded by the service providers,0,0,0,0,0
I had no money to pay for it,64,80,0,71,0
I was unable to move freely,14,40,0,0,0
I had no documents to access it,0,0,0,0,0
There was poor access or transport to the service,0,0,0,0,0
I did not know where to find the service,0,0,0,0,0
I could not speak the language of the service providers,0,0,0,0,0
Other (please specify),0,0,0,0,0
Don't know,21,0,0,29,100
Prefer not to answer,7,0,100,0,0
Have you encountered any refugee or migrant children under 18 that were working in this baladiya within the last year?,"","","","",""
No,38,44,57,32,55
"Yes, I encountered boys working",36,36,29,37,27
"Yes, I encountered both boys and girls working",17,11,5,22,10
Don't know,6,7,10,6,6
"Yes, I encounter girls working",2,1,0,2,2
Prefer not to answer,1,1,0,1,1
How many refugee or migrant children under 18 that were working in this baladiya did you encounter within the last year?,"","","","",""
11-20; ,37,26,43,43,27
1-10; ,31,39,29,25,56
21-50; ,17,18,14,17,8
51-100; ,9,10,14,9,0
more than 100,3,3,0,4,4
Don't know,3,4,0,2,4
Prefer not to answer,0,0,0,0,0
"Have you encountered any UASC (refugee or migrant children unaccompanied by their parents, relatives or legal guardian) in this baladiya within the last year?","","","","",""
No,62,66,67,58,64
Yes,27,23,14,30,26
Don't know,11,11,17,11,6
Prefer not to answer,1,0,2,1,4
What are your migration intentions for the next 6 months?,"","","","",""
Stay in my current location in Libya,46,61,64,38,22
Leave Libya,34,22,17,39,69
Move to another location in Libya,15,14,12,17,6
Don't know,4,3,2,5,2
Prefer not to answer,1,0,5,1,1
Why do you have these migration intentions?,"","","","",""
For employment/economic reasons,71,77,85,68,63
For security reasons,22,17,13,24,42
To be with family/friends,13,13,15,12,17
I came to Libya with the plan to travel to another country,9,3,3,10,31
I came to Libya with the plan to return home after a short amount of time,8,6,8,10,2
Other (please specify),3,4,8,2,0
Don't know,2,2,0,2,0
Prefer not to answer,2,3,0,2,2
How long do you plan to stay in Libya for?,"","","","",""
More than 1 year,55,55,66,56,34
Don't know,24,26,16,21,46
Between 6 and 12 months,21,18,19,23,20
Prefer not to answer,0,1,0,0,0
Where do you want to go after Libya?,"","","","",""
Europe,61,56,57,57,87
Return to home country,34,38,43,40,5
Elsewhere,3,2,0,2,8
Don't know,1,1,0,1,0
Another African country,1,1,0,1,0
Prefer not to answer,0,1,0,0,0
What are your top 3 priority needs?,"","","","",""
Access to cash,73,75,60,71,78
Food,54,53,36,57,49
Water,12,12,2,11,14
Shelter support,20,17,14,22,18
Medical care,34,37,26,32,37
Sanitation services,2,2,7,1,1
Electricity or fuel,8,6,12,9,6
Access to means of communication (mobile phone network coverage or mobile phone credit),4,6,7,3,5
Household or hygiene items,2,2,0,2,2
Employment (livelihood opportunities),44,42,48,46,37
Vocational training,5,3,0,6,6
Education for children,7,9,5,6,4
Child-friendly spaces or activities,1,2,5,0,0
"Explosive hazard clearance, risk education, or services for survivors",1,1,0,1,1
Gender-based violence support,2,2,2,2,1
"Psychosocial support (e.g., counseling)",4,5,12,3,6
"Legal assistance (e.g., civil documentation, house/land/property, family law)",4,4,5,4,3
Other (please specify),1,2,2,1,2
Don't know,0,0,0,0,1
Prefer not to answer,0,0,0,0,1
Did you receive humanitarian assistance during the previous 6 months?,"","","","",""
No,83,87,95,82,72
Yes,16,13,5,17,26
Don't know,1,1,0,1,2
Prefer not to answer,1,0,0,1,1
What was the modality of the assistance received?,"","","","",""
cash,36,39,0,34,41
vouchers,1,1,0,1,3
in kind,41,46,50,41,31
Mixed (in-kind and cash/voucher),23,27,50,21,22
"Services (e.g., health care, education, PSS, GBV, case management, etc)",14,4,0,19,16
Other (please specify),1,3,0,1,0
Don't know,0,0,0,0,0
Prefer not to answer ,0,0,0,0,0
From what source? ,"","","","",""
International organisations/NGOs ,29,25,50,27,44
Local organisations ,28,25,50,30,22
Private donations,47,51,50,47,41
Government or local authorities ,10,4,0,15,6
Religious entities,19,5,0,28,12
Other (please specify),2,4,0,1,3
Don't know,1,0,0,3,0
Prefer not to answer,0,1,0,0,0
Are you satisfied with the aid you received?,"","","","",""
Yes,82,80,100,85,78
No,15,18,0,14,19
Don't know,1,0,0,2,0
Prefer not to answer,1,3,0,0,3
Why were you not satisfied with the aid received?,"","","","",""
Quality not good,73,79,,71,67
Quality not good enough,22,21,,19,33
Prefer not to answer,2,0,,5,0
Other (please specify),2,0,,5,0
"In the last year, did you face any barriers to receiving humanitarian assistance?","","","","",""
No barriers faced in receiving humanitarian assistance,31,34,29,28,39
Not aware of any assistance,59,59,67,62,35
Lack of consent from actor controlling territory ,1,1,2,2,3
Damage to roads leading to area of assistance,0,0,0,0,2
Insecurity travelling to area of assistance,4,3,2,4,11
Checkpoints or roadblocks ,3,1,2,3,10
Presence of explosive hazards,0,0,0,0,0
Other (please specify),1,1,0,1,4
Don't know,2,1,2,2,5
Prefer not to answer,0,0,0,0,2
"If you were to receive assistance in the future, what kind of assistance would you prefer to receive?","","","","",""
Mixed (cash and in-kind),39,34,40,43,26
Cash in hand,38,36,17,38,59
Do not want to receive assistance,8,14,12,5,2
"Services (e.g., health care, education, PSS, GBV, case management, etc)",7,9,14,5,6
"In-kind (house repairs, construction materials, NFIs, etc.)",4,4,14,5,2
Cash via bank transfer,2,2,0,2,1
Don't know,1,0,0,1,2
Prefer not to answer,0,0,0,1,0
Other (please specify),0,0,0,0,2
Cash via e-transfer ,0,0,2,0,1
Voucher ,0,0,0,0,0
"If you would prefer to receive in-kind assistance, what type of in-kind assistance would you like to receive?","","","","",""
"Non-food household items (blankets, mattresses, kitchen sets, etc.)",71,73,67,70,67
Repairs/rehab work in the shelter,20,18,0,23,33
"Construction materials (cement, wood, tools, etc.)",5,9,0,5,0
Don't know,1,0,17,0,0
Prefer not to answer,1,0,0,2,0
Other (please specify),1,0,17,0,0
What is your primary source of information on the humanitarian assistance in your current baladiya of residence?,"","","","",""
Do not receive information on humanitarian assistance,32,34,38,31,22
Community leaders,17,15,26,18,17
Family members and friends,14,13,2,15,18
Social media,9,10,17,8,8
Charity organization,8,9,2,7,10
Humanitarian organization,8,9,5,6,14
TV,5,5,2,5,3
Don't know,4,2,0,5,5
Radio,1,2,5,1,0
Government,1,0,2,1,0
Prefer not to answer,0,0,0,0,2
What type of information would you like to receive from aid providers? ,"","","","",""
The security situation here,29,30,31,28,37
Finding missing people,2,1,0,2,6
How to register for aid,36,35,33,36,38
Food prices,6,6,12,5,3
How to get healthcare/medical attention,27,30,43,25,25
"How to replace personal documentation (e.g., birth certificate, ID)",10,9,5,11,5
How to get access to education,6,5,7,7,3
How to find work,22,21,17,24,19
How to get more money/financial support,37,35,40,37,40
Information about possible return to place of origin/relocation,7,6,12,7,5
How to complain about the aid we are receiving,2,1,2,2,5
Other (please specify),1,1,0,0,1
Don't know,3,2,2,4,2
Prefer not to answer,1,0,0,0,2
Who/where would you prefer to receive information from?,"","","","",""
Community leader,26,21,33,31,19
Places of worship,22,23,40,22,15
Government Officials,14,15,21,14,3
Friends/family inside Libya ,49,50,48,51,38
Friends/family in country of origin,5,6,5,5,3
Friends/family in other countries (diaspora),1,1,0,1,2
Aid workers from the United Nations,27,26,48,27,34
Aid workers from local NGOs,18,16,33,17,27
Aid workers from International NGOs,20,20,24,17,38
Other (please specify),1,1,5,1,0
Don't know,2,1,0,2,2
Prefer not to answer,0,0,0,0,2
What is your preferred means of receiving the information?,"","","","",""
Phone call,58,62,67,54,66
Facebook,9,10,12,9,4
In person / face-to-face (please specify from whom),9,6,5,12,6
SMS,5,5,10,5,8
Television,4,4,0,4,2
Leaflets,4,2,2,6,2
WhatsApp (or other mobile phone based platform),3,4,0,3,6
Billboards,2,2,2,3,1
Posters,2,2,2,2,1
Don't know,1,1,0,1,2
Loudspeakers,1,1,0,0,0
Other (please specify),0,1,0,0,0
Other internet platforms,0,0,0,0,2
Prefer not to answer,0,0,0,0,2
Twitter,0,0,0,0,1
Newspapers,0,0,0,0,0
In the last 6 months have you been asked about what aid you would like to receive?,"","","","",""
No,91,92,95,91,78
Yes,8,7,5,7,18
Don't know,1,1,0,2,2
Prefer not to answer,0,0,0,1,2
Did you receive what you asked for? ,"","","","",""
No,50,53,50,46,55
Yes,48,47,50,51,45
Prefer not to answer,2,0,0,3,0
"How would you prefer to provide feedback to aid providers about the quality, quantity and appropriateness of the aid you will receive?  ","","","","",""
Face to face with member of the community ,57,57,62,57,49
Phone call,31,32,29,29,38
SMS,3,3,0,4,2
Complaints/suggestions box,3,3,2,2,4
Social media (specify site),2,2,5,2,0
Don't know,2,1,0,2,3
E-mail,1,1,2,2,1
Prefer not to answer,1,0,0,1,2
Letter,1,0,0,1,0
Other (please specify),0,0,0,0,2
Tweet ,0,0,0,0,0
